,date,sec_name,i_weight,PCT_CHG_PER,INDUSTRY_CSRC12,FA_ROICEBIT_TTM,FA_OCFTOOR_TTM,FA_DEBTTOASSET,FA_NPGR_TTM,FA_ORGR_TTM,TECH_PRICE1Y,PE_TTM,VAL_MVTOEBITDA_TTM,PB_LF,BETA_24M,ANNUALSTDEVR_24M
600862.SH,2018/8/31 0:00,中航高科,0.074,1.830282862,铁路、船舶、航空航天和其他运输设备制造业,2.0354,-4.7273,47.0738,-89.9743,-25.5205,-0.27903306,-2005.569702,32.4671,2.361619473,1.32099998,29.50860405
000061.SZ,2018/8/31 0:00,农产品,0.106,0,商务服务业,3.7078,37.6914,65.8849,-47.0633,13.3644,-0.22980304,-632.4779663,9.8723,1.862827063,1.219200015,22.65453148
300002.SZ,2018/8/31 0:00,神州泰岳,0.16,-2.512562814,软件和信息技术服务业,0.1636,17.3922,22.4331,-121.0847,-45.2768,-0.33955186,-239.8963928,70.4644,1.520229578,0.8653,29.11438751
002342.SZ,2018/8/31 0:00,巨力索具,0.071,1.729106628,金属制品业,0.8461,7.7052,39.7823,-208.9808,6.9257,-0.35907678,-140.2580109,22.3787,1.405822158,0.650699973,47.84547806
000806.SZ,2018/8/31 0:00,银河生物,0.067,2.762430939,电气机械及器材制造业,0.2905,0.9336,35.8406,-17.2017,-28.9181,-0.33095039,-139.3133392,76.6258,2.002750397,0.83920002,39.63209534
002512.SZ,2018/8/31 0:00,达华智能,0.193,0,计算机、通信和其他电子设备制造业,1.0164,6.9055,60.4991,-149.5752,6.3912,,-130.9122314,52.2554,3.984838724,1.192800045,36.3844986
603169.SH,2018/8/31 0:00,兰石重装,0.064,2.43902439,专用设备制造业,1.3001,-36.1546,71.7862,-496.0113,36.5412,-0.30333678,-103.155899,21.3533,1.641245365,0.9278,36.59892654
002261.SZ,2018/8/31 0:00,拓维信息,0.087,3.899082569,软件和信息技术服务业,-1.6762,-2.8731,11.3591,-123.6311,-3.0447,-0.31129214,-101.1679611,256.4319,1.29081738,0.302300006,25.26057625
000612.SZ,2018/8/31 0:00,焦作万方,0.135,-1.077586207,有色金属冶炼及压延加工,-0.1979,13.3853,39.4855,-160.7394,21.1639,-0.37200645,-78.07579803,25.5192,1.214172125,0.535399973,36.30620956
600759.SH,2018/8/31 0:00,洲际油气,0.163,0,石油和天然气开采业,8.1202,35.0187,63.7868,947.705,66.681,,-73.62387085,6.1288,1.715286374,-0.280800015,28.64500237
600058.SH,2018/8/31 0:00,五矿发展,0.098,2.231520223,批发业,1.9919,-2.6271,65.6921,-69.3224,9.8882,-0.30169194,-58.74921036,20.4805,1.074349642,1.309399962,26.70129585
601969.SH,2018/8/31 0:00,海南矿业,0.06,0.204081633,黑色金属矿采选业,-2.0994,2.3586,39.501,-30.1877,43.5036,-0.36073369,-50.19223785,-129.2223,2.041917324,1.421200037,31.09689331
000536.SZ,2018/8/31 0:00,华映科技,0.103,-1.976284585,计算机、通信和其他电子设备制造业,-0.6668,24.8675,47.961,-342.7177,9.8669,-0.3557406,-50.07362747,11.9119,0.564046919,0.554700017,22.6427536
600416.SH,2018/8/31 0:00,湘电股份,0.133,1.174743025,通用设备制造业,0.7473,7.6342,70.4124,-275.5562,-27.2476,-0.3022972,-43.62562943,19.4036,1.045018315,0.382400006,36.52202225
002190.SZ,2018/8/31 0:00,成飞集成,0.096,4.029511918,专用设备制造业,-11.8675,-19.2067,45.1511,-495.3069,10.6056,-0.14852066,-39.95519257,-35.3825,3.267076969,1.521199942,28.3983593
002642.SZ,2018/8/31 0:00,荣之联,0.105,-3.376018626,软件和信息技术服务业,-2.6634,-8.7412,30.753,-193.2299,70.3344,-0.30879644,-30.97147179,-473.6966,1.309729934,-0.238000005,39.81707764
002489.SZ,2018/8/31 0:00,浙江永强,0.097,0.341296928,家具制造业,-3.1845,0.4266,50.9073,-362.6754,-1.1806,-0.36292205,-29.70809364,-93.7783,2.01325798,0.5722,23.97400856
300156.SZ,2018/8/31 0:00,神雾环保,0.103,-8.30449827,专用设备制造业,-3.1918,-218.4791,61.752,-125.0963,-79.5681,-0.41755041,-25.69096375,-59.6534,2.046889782,0.168799996,48.54557419
600151.SH,2018/8/31 0:00,航天机电,0.127,0.23364486,计算机、通信和其他电子设备制造业,-1.119,-3.8509,55.9448,-259.9248,29.2489,-0.27722779,-21.57084656,15.5385,1.108366013,0.952700019,31.81292343
300291.SZ,2018/8/31 0:00,华录百纳,0.071,0.871080139,广播、电视、电影和影视录音制作业,-4.1451,38.5597,9.1977,-162.7115,-27.8318,-0.41597413,-21.27811241,-25.9592,0.76999706,1.091899991,28.29928589
002400.SZ,2018/8/31 0:00,省广集团,0.16,-2.572347267,商务服务业,-1.8025,3.3662,45.7475,-127.8948,11.3792,-0.34209384,-21.06451035,-65.3947,1.028491616,0.731599987,27.59884453
002657.SZ,2018/8/31 0:00,中科金财,0.121,-0.836550837,软件和信息技术服务业,-8.6452,-13.4839,31.6214,-262.37,0.5681,-0.24738367,-19.86387634,-26.2458,2.012384892,0.624899983,26.81699562
300134.SZ,2018/8/31 0:00,大富科技,0.134,2.112029385,计算机、通信和其他电子设备制造业,-8.1543,1.3995,22.5654,-3702.8097,-16.7176,-0.16764071,-19.301054,-26.693,1.60895586,0.828499973,42.39090347
600166.SH,2018/8/31 0:00,福田汽车,0.266,1.630434783,汽车制造业,-1.2439,-7.4103,71.9703,-305.0679,0.8949,-0.23729665,-14.00990295,7.2326,0.695313036,1.011000037,19.99063683
000727.SZ,2018/8/31 0:00,华东科技,0.145,-1.142857143,计算机、通信和其他电子设备制造业,-3.8094,12.723,48.0771,-481.4659,26.7351,-0.23956044,-10.87507343,4.8942,0.79742378,0.519900024,15.45266438
600651.SH,2018/8/31 0:00,飞乐音响,0.08,3.225806452,电气机械及器材制造业,-3.2625,-11.7131,78.989,-231.3827,-35.3288,-0.46802278,-8.095499039,-22.3766,1.311847687,2.036900043,44.6415329
002477.SZ,2018/8/31 0:00,雏鹰农牧,0.188,-33.13069909,畜牧业,-1.1923,13.108,73.5063,-193.3469,-2.7346,-0.45146636,-7.465097427,15.7095,1.566774249,0.335200012,20.3342762
000572.SZ,2018/8/31 0:00,海马汽车,0.097,-1.459854015,汽车制造业,-21.7004,-10.4108,38.7845,-2180.0071,-40.4634,-0.32893913,-3.431941032,-3.9503,0.709804773,0.787199974,24.25702477
300032.SZ,2018/8/31 0:00,金龙机电,0.05,1.851851852,电气机械及器材制造业,-23.1988,0.4426,36.8225,-606.1201,14.5844,-0.51245399,-2.81347537,-3.5564,0.861436486,0.40169999,45.90800476
000979.SZ,2018/8/31 0:00,中弘股份,0.165,-3,房地产业,-4.4231,0.6787,83.584,-3877.4763,-79.0391,-0.22382871,-2.104750395,-6.9616,1.285916209,1.640699983,28.34050751
300116.SZ,2018/8/31 0:00,坚瑞沃能,0.06,-7.423580786,电气机械及器材制造业,-29.7439,-7.9146,90.1968,-697.6271,-29.2924,-0.58706928,-0.872220337,-1.0699,2.0977633,1.224300027,48.61416245
600282.SH,2018/8/31 0:00,南钢股份,0.292,-3.908045977,黑色金属冶炼及压延加工,20.9651,7.8829,56.1352,242.7698,39.687,-0.12616152,4.314894676,2.4266,1.352908731,1.414499998,47.22193909
000488.SZ,2018/8/31 0:00,晨鸣纸业,0.27,2.06022187,造纸及纸制品业,9.1557,28.059,72.9465,33.404,21.5119,-0.34131701,4.613850594,1.9596,0.757406712,1.840399981,38.77022552
002110.SZ,2018/8/31 0:00,三钢闽光,0.376,-7.655502392,黑色金属冶炼及压延加工,45.8158,14.4393,35.7125,273.2985,70.0935,-0.05352001,4.621818066,3.2322,1.879867792,0.980199993,50.82703018
000825.SZ,2018/8/31 0:00,太钢不锈,0.399,-2.951388889,黑色金属冶炼及压延加工,13.2355,14.1982,59.9032,346.5288,10.6201,0.05805345,4.740021229,2.7246,1.124200225,1.514000058,40.10806274
600525.SH,2018/8/31 0:00,长园集团,0.294,-4.832713755,计算机、通信和其他电子设备制造业,14.7473,4.9292,58.5526,187.603,20.9294,-0.46653754,5.056827545,3.3788,1.181918144,1.463799953,40.01487732
600808.SH,2018/8/31 0:00,马钢股份,0.354,-1.466992665,黑色金属冶炼及压延加工,16.8609,9.2323,59.8307,157.3106,25.0426,0.03876904,5.247449875,2.5055,1.19180584,1.231899977,37.2983284
000513.SZ,2018/8/31 0:00,丽珠集团,0.331,-7.702630166,医药制造业,47.4086,9.6398,29.722,384.1331,8.3353,-0.28752048,5.425173283,4.0508,2.382972717,1.179399967,29.20999718
600350.SH,2018/8/31 0:00,山东高速,0.086,2.771362587,道路运输业,12.8851,47.1815,46.5191,62.9769,-24.6775,-0.14103133,5.676730156,2.7257,0.760479629,1.32190001,21.46842384
600755.SH,2018/8/31 0:00,厦门国贸,0.272,3.299856528,批发业,8.5619,-6.8718,69.6151,73.2421,46.0502,-0.18129155,5.783108234,2.7142,0.547889471,1.637699962,32.93875504
600325.SH,2018/8/31 0:00,华发股份,0.369,0,房地产业,3.1891,61.2396,84.6743,22.2869,45.8261,-0.04570616,6.129116535,4.4723,1.21026814,0.936699986,29.83457565
600126.SH,2018/8/31 0:00,杭钢股份,0.073,1.495726496,黑色金属冶炼及压延加工,16.3258,8.0569,30.0689,246.2801,22.3803,-0.0606321,6.180599213,3.5477,0.905448675,0.643400013,26.79794312
600380.SH,2018/8/31 0:00,健康元,0.237,-7.786885246,医药制造业,53.291,13.6968,35.8994,333.1841,8.0889,-0.1935107,6.343266487,2.1181,1.96547544,0.765600026,27.46374321
600022.SH,2018/8/31 0:00,山东钢铁,0.356,-0.564971751,黑色金属冶炼及压延加工,8.9055,3.1157,56.2998,10054.2169,-4.6299,-0.18253848,6.407346725,4.302,0.974626005,0.868799984,20.20991516
000830.SZ,2018/8/31 0:00,鲁西化工,0.486,-2.947086403,化学原料及化学制品制造业,19.8508,24.8994,60.1796,361.0498,45.4144,-0.12848624,6.805560589,3.6074,1.838994026,2.026200056,55.46823502
002517.SZ,2018/8/31 0:00,恺英网络,0.154,2.254098361,互联网和相关服务,32.2053,22.644,21.6632,101.1913,7.7104,-0.52136751,6.853085041,5.7681,2.136857986,1.388200045,40.41740417
000581.SZ,2018/8/31 0:00,威孚高科,0.341,2.551834131,汽车制造业,17.0855,10.6403,28.6922,34.7782,18.8276,-0.12438189,6.97421217,5.83,1.287965298,0.881799996,27.70692444
600971.SH,2018/8/31 0:00,恒源煤电,0.096,1.88976378,煤炭开采和洗选业,13.1312,39.9852,49.4261,50.7347,5.7274,-0.2341817,6.98675251,3.2508,0.912725449,1.586300015,47.62862778
000501.SZ,2018/8/31 0:00,鄂武商A,0.12,6.318956871,零售业,12.3967,4.971,60.7796,1.9963,0.9476,-0.27576585,7.032328129,4.1975,1.050205946,1.736199975,26.3819046
000926.SZ,2018/8/31 0:00,福星股份,0.168,0.848656294,房地产业,5.8207,-15.4309,75.826,-5.5957,15.2528,-0.23753253,7.092801571,3.1943,0.654616117,1.016000032,20.29686356
600823.SH,2018/8/31 0:00,世茂股份,0.195,1.17370892,房地产业,12.9444,-23.6062,53.0188,9.9016,18.8541,-0.10326874,7.11979723,2.8821,0.699475408,1.296900034,20.93633652
000718.SZ,2018/8/31 0:00,苏宁环球,0.156,2.45398773,房地产业,18.6365,25.6291,53.4353,19.9987,-31.2941,-0.20276208,7.286082268,5.2281,1.235164881,0.810100019,18.19069099
600618.SH,2018/8/31 0:00,氯碱化工,0.051,-1.243093923,化学原料及化学制品制造业,31.5821,11.7254,34.063,1241.1725,-4.6066,-0.29464063,7.43543005,5.4141,2.54672718,1.12650001,29.55571556
002128.SZ,2018/8/31 0:00,露天煤业,0.169,2.14797136,煤炭开采和洗选业,16.2565,21.1906,25.0036,23.2135,11.2225,-0.13026536,7.441331387,4.4824,1.201028585,1.05400002,47.94351196
600393.SH,2018/8/31 0:00,粤泰股份,0.086,-6.818181818,房地产业,7.0973,-21.2831,66.3086,-35.8187,-14.4425,-0.5100618,7.563493252,5.5602,1.083328485,1.99240005,48.65018845
000031.SZ,2018/8/31 0:00,中粮地产,0.182,7.272727273,房地产业,10.6106,30.5549,85.6229,89.2579,-11.9771,-0.03662578,7.567379951,2.4067,1.499737382,0.809700012,22.85059929
002092.SZ,2018/8/31 0:00,中泰化学,0.34,0.945626478,化学原料及化学制品制造业,8.2725,6.0825,67.1046,-14.0123,69.074,-0.28099629,7.634792328,3.3366,0.948987603,2.219399929,38.68881989
600064.SH,2018/8/31 0:00,南京高科,0.196,-2.361111111,房地产业,11.8815,-6.5352,57.4051,78.3344,57.7202,-0.15962966,7.645657539,4.7028,0.843222916,0.707000017,15.43915462
600079.SH,2018/8/31 0:00,人福医药,0.338,6.382978723,医药制造业,14.4064,-1.5643,54.1312,140.8228,29.2647,-0.18367966,7.71032238,3.8373,1.230282784,0.173899993,13.36104012
000006.SZ,2018/8/31 0:00,深振业A,0.156,8.045977011,房地产业,13.796,-5.3054,51.1133,4.7316,-50.7897,-0.10894815,7.833315849,6.1014,1.32661593,0.612900019,27.81188583
002366.SZ,2018/8/31 0:00,台海核电,0.158,-2.704561103,专用设备制造业,21.2837,-8.5682,58.2143,80.478,40.8588,-0.51531009,7.959758282,5.218,2.726780891,1.486899972,39.21986389
600409.SH,2018/8/31 0:00,三友化工,0.263,-3.091557669,化学原料及化学制品制造业,15.9502,9.1831,54.918,46.0799,9.7469,-0.12619098,7.98999548,4.1207,1.582402945,0.92869997,35.22125244
000553.SZ,2018/8/31 0:00,沙隆达A,0.174,0.245298446,化学原料及化学制品制造业,16.4363,12.7661,48.1853,4700.7206,1428.4716,-0.18156728,8.021125793,3.9175,1.39229238,1.04369998,45.57683945
600348.SH,2018/8/31 0:00,阳泉煤业,0.21,2.123893805,煤炭开采和洗选业,10.9419,14.2363,57.6764,29.7186,17.7743,-0.1715774,8.306959152,2.7168,0.801259756,0.940199971,29.38735962
002078.SZ,2018/8/31 0:00,太阳纸业,0.402,-5.334987593,造纸及纸制品业,16.4171,25.0215,59.336,51.142,24.5827,-0.21937635,8.3201437,3.8673,1.735690236,1.361799955,31.81950569
600694.SH,2018/8/31 0:00,大商股份,0.128,-0.217706821,零售业,18.1577,1.5835,53.107,50.3676,-5.119,-0.18288728,8.332773209,3.895,1.048437119,1.647600055,24.85250473
000732.SZ,2018/8/31 0:00,泰禾集团,0.236,-1.08974359,房地产业,2.7484,-13.8004,85.6653,53.2764,21.9398,-0.28939998,8.332988739,4.0253,0.958867967,2.9381001,62.19586563
600266.SH,2018/8/31 0:00,北京城建,0.247,-1.886792453,房地产业,3.2717,-65.025,76.9371,11.5548,7.4222,-0.26953942,8.385894775,6.4398,0.62000984,0.757200003,20.97340393
600240.SH,2018/8/31 0:00,华业资本,0.279,-18.59903382,房地产业,11.3004,-11.5958,60.857,-34.2469,-28.3341,-0.1794328,8.445508957,5.4307,1.25620842,0.280999988,22.19934845
000587.SZ,2018/8/31 0:00,金洲慈航,0.089,-2.302631579,其他制造业,5.6811,3.5986,72.2701,-20.6371,68.6127,-0.5068467,8.641708374,4.7745,0.664163053,1.789800048,39.75264359
600801.SH,2018/8/31 0:00,华新水泥,0.291,0.662589195,非金属矿物制品业,22.6317,23.0455,51.8298,185.3709,36.3354,0.28530657,8.654344559,4.4381,2.183434725,1.206599951,45.31391144
002354.SZ,2018/8/31 0:00,天神娱乐,0.117,-4.160688666,互联网和相关服务,10.5396,4.5969,28.6224,-2.502,14.1846,-0.5353531,8.655796051,4.958,0.670032203,1.098099947,31.76165581
601678.SH,2018/8/31 0:00,滨化股份,0.183,-3.683241252,化学原料及化学制品制造业,14.7255,21.0543,41.6611,26.0845,15.3105,-0.17500558,8.734400749,4.6689,1.365283608,0.912500024,27.85068321
000761.SZ,2018/8/31 0:00,本钢板材,0.056,1.452784504,黑色金属冶炼及压延加工,5.5374,17.4071,69.708,59.8916,14.8267,-0.11826009,8.856534958,3.0796,0.860874176,1.108299971,29.58204269
000980.SZ,2018/8/31 0:00,众泰汽车,0.105,1.512287335,汽车制造业,6.885,-0.132,46.0365,347.408,278.0694,-0.44519454,8.935925484,4.6661,0.637757838,1.263200045,38.60810471
600466.SH,2018/8/31 0:00,蓝光发展,0.195,-0.956022945,房地产业,4.3939,13.2546,82.886,36.6119,14.1134,-0.20358902,9.079937935,5.9082,1.014072061,1.375100017,37.35652542
600094.SH,2018/8/31 0:00,大名城,0.228,3.054989817,房地产业,8.0856,15.727,77.3315,45.1305,105.1742,-0.22115537,9.234606743,4.3195,1.060744047,0.41870001,15.08373737
600649.SH,2018/8/31 0:00,城投控股,0.22,-1.204819277,房地产业,7.4312,19.7065,43.4129,5.1328,-1.8692,-0.23840052,9.289207458,7.7359,0.77759248,1.169499993,36.03878021
600970.SH,2018/8/31 0:00,中材国际,0.217,-0.47318612,土木工程建筑业,9.4692,-17.0332,73.7885,84.7898,7.804,-0.22807301,9.388288498,6.4682,1.399986506,1.504299998,36.37895584
002244.SZ,2018/8/31 0:00,滨江集团,0.205,0.480769231,房地产业,9.6012,-65.2246,77.1982,0.9724,14.7632,-0.34266134,9.484366417,3.7697,0.892283559,1.181900024,23.19735718
002051.SZ,2018/8/31 0:00,中工国际,0.258,-11.5913556,土木工程建筑业,17.7593,-1.0701,52.0992,12.5043,34.6557,-0.25144031,9.532419205,8.1212,1.776380777,1.013599992,25.02397728
002002.SZ,2018/8/31 0:00,鸿达兴业,0.091,11.76470588,化学原料及化学制品制造业,12.427,20.3115,56.6487,-11.1368,-8.4411,-0.41613631,9.626626015,4.9018,1.491802216,1.682299972,33.21865463
600743.SH,2018/8/31 0:00,华远地产,0.07,-2.469135802,房地产业,4.7712,-62.3464,80.2384,-8.023,-0.7981,-0.26943207,9.634479523,4.556,0.778041005,1.107300043,23.57529068
600565.SH,2018/8/31 0:00,迪马股份,0.129,-1.973684211,房地产业,5.4374,44.7719,83.6318,-5.9171,-28.3766,-0.19465382,9.701327324,5.6215,0.967474222,0.574999988,20.7212162
600748.SH,2018/8/31 0:00,上实发展,0.079,2.953586498,房地产业,6.6376,-24.454,69.6576,55.8814,30.5458,-0.1511382,9.762435913,4.7525,0.899247885,0.85650003,15.81362343
601000.SH,2018/8/31 0:00,唐山港,0.22,4.60251046,水上运输业,11.5294,17.9875,26.9073,1.5417,71.0908,-0.23702399,9.789161682,5.3976,0.99147743,1.41929996,45.05133438
601128.SH,2018/8/31 0:00,常熟银行,0.2,3.145695364,货币金融服务,,72.0333,92.4476,34.4914,13.6908,-0.09385877,9.859727859,,1.189371467,,
300274.SZ,2018/8/31 0:00,阳光电源,0.211,3.823529412,电气机械及器材制造业,10.4718,-3.7297,54.3576,50.3898,28.9943,-0.50538394,9.877282143,7.7673,1.403670669,1.5898,50.17993546
000667.SZ,2018/8/31 0:00,美好置业,0.175,0.440528634,房地产业,7.3735,53.6095,64.45,-22.4054,-39.3637,-0.17798419,9.884404182,5.9722,0.80704999,1.048400044,17.54428864
600395.SH,2018/8/31 0:00,盘江股份,0.114,0,煤炭开采和洗选业,12.5183,25.7833,46.1901,41.9327,16.0528,-0.08036075,10.04712582,7.0799,1.445334554,1.169399977,22.78997803
002048.SZ,2018/8/31 0:00,宁波华翔,0.125,4.411764706,汽车制造业,12.9784,9.5895,41.7949,-9.8532,4.6521,-0.36704966,10.11348629,3.7028,0.907266498,1.146199942,30.01678658
002019.SZ,2018/8/31 0:00,亿帆医药,0.235,-4.276895994,医药制造业,20.0371,29.845,21.12,69.6844,33.3932,-0.37817907,10.22205353,8.0921,2.15577054,1.289800048,32.46417618
600908.SH,2018/8/31 0:00,无锡银行,0.162,2.284710018,货币金融服务,,79.676,92.6136,12.09,13.7327,-0.18637382,10.22763729,,1.050434113,,
002440.SZ,2018/8/31 0:00,闰土股份,0.228,1.848428835,化学原料及化学制品制造业,18.6765,12.5098,19.145,53.3476,25.9481,-0.12190941,10.23178768,6.6784,1.721633554,1.138299942,28.92143822
603225.SH,2018/8/31 0:00,新凤鸣,0.075,-1.254480287,化学纤维制造业,18.5549,9.1666,48.9708,56.2631,29.4302,-0.07936099,10.42468929,5.7308,2.435256243,,
600039.SH,2018/8/31 0:00,四川路桥,0.196,-3.08988764,土木工程建筑业,5.6878,5.2652,80.7786,10.7305,26.3175,-0.0915926,10.6711235,3.6079,0.94577843,1.164700031,25.85224342
002509.SZ,2018/8/31 0:00,天广中茂,0.111,-4.379562044,专用设备制造业,11.2391,-12.3064,44.6895,21.4266,24.3275,-0.55893972,10.68410873,7.5525,1.241619468,1.064599991,37.08008957
600859.SH,2018/8/31 0:00,王府井,0.152,1.853035144,零售业,11.3331,7.074,40.6749,56.4773,20.832,-0.19172146,10.69393349,6.1635,1.186138272,1.256899953,29.25814819
000552.SZ,2018/8/31 0:00,靖远煤电,0.108,-2.711864407,煤炭开采和洗选业,10.0998,18.0205,27.1471,44.2472,21.518,-0.15558156,10.70814228,6.4073,0.926317811,0.595700026,17.95755577
600657.SH,2018/8/31 0:00,信达地产,0.098,0.526315789,房地产业,5.9632,86.6578,86.3905,5.1491,-17.1108,-0.24166366,10.71576691,4.1034,0.614345789,1.554100037,32.6294136
600611.SH,2018/8/31 0:00,大众交通,0.129,4.427083333,道路运输业,11.7464,16.8032,41.6583,44.4172,-13.2174,-0.12638416,10.79310703,5.5243,1.090028882,1.027199984,16.84315491
002233.SZ,2018/8/31 0:00,塔牌集团,0.182,-4.300468632,非金属矿物制品业,19.3589,34.3313,14.593,94.1816,38.1079,0.02431928,10.91172314,6.6823,1.696988225,0.563600004,26.45915413
601019.SH,2018/8/31 0:00,山东出版,0.06,4.638472033,新闻和出版业,15.2792,9.2841,34.326,36.587,16.2556,-0.22122854,11.14816475,10.1154,1.789106011,,
000778.SZ,2018/8/31 0:00,新兴铸管,0.358,-0.412371134,金属制品业,8.1293,12.3452,57.4637,139.6133,-28.3127,-0.02323942,11.16661072,4.4846,0.978407025,0.481599987,28.8632412
000541.SZ,2018/8/31 0:00,佛山照明,0.115,2.744425386,电气机械及器材制造业,20.5867,10.1954,18.1062,-32.081,5.6767,-0.16827605,11.31045628,8.7154,1.964449883,0.690199971,15.53129959
601801.SH,2018/8/31 0:00,皖新传媒,0.134,-2.627737226,新闻和出版业,10.2952,4.249,24.4698,-16.5164,15.9027,-0.28692293,11.43387699,11.4187,1.350828409,1.277999997,28.91693497
000887.SZ,2018/8/31 0:00,中鼎股份,0.26,6.178707224,橡胶和塑料制品业,11.8465,8.1821,46.5719,13.3242,23.2893,-0.30160555,11.44321823,6.9775,1.746700168,0.546000004,23.74018097
600835.SH,2018/8/31 0:00,上海机电,0.15,4.207758054,通用设备制造业,22.285,5.6163,63.2237,3.9583,4.5948,-0.21685956,11.47064686,5.9883,1.579604864,0.610700011,21.43482208
600757.SH,2018/8/31 0:00,长江传媒,0.108,11.84210526,新闻和出版业,10.2745,5.3443,38.3037,6.8827,7.6605,0.04193533,11.51191425,9.4822,1.281922102,1.046000004,17.22316742
002221.SZ,2018/8/31 0:00,东华能源,0.257,4.582843713,批发业,9.4354,6.4814,66.8662,64.8348,56.2926,-0.18515099,11.56310177,5.3612,1.777525783,0.871200025,28.85042381
603766.SH,2018/8/31 0:00,隆鑫通用,0.163,1.425661914,铁路、船舶、航空航天和其他运输设备制造业,15.0385,10.7665,37.4399,-3.9743,17.3505,-0.18761315,11.6107769,6.9253,1.692753553,1.085199952,22.33098412
000685.SZ,2018/8/31 0:00,中山公用,0.2,2.094972067,水的生产和供应业,7.2885,40.5423,27.5026,-8.8534,14.0108,-0.19872693,11.62968922,7.9418,0.891711414,0.916700006,14.42348003
600426.SH,2018/8/31 0:00,华鲁恒升,0.591,2.09706411,化学原料及化学制品制造业,18.6474,22.447,39.752,153.1238,48.689,0.03090292,11.71646404,6.8676,2.57391119,0.86650002,33.06242371
600787.SH,2018/8/31 0:00,中储股份,0.229,1,仓储业,12.4308,16.1168,45.0538,180.8635,26.4788,-0.22545681,11.79639053,7.0837,1.46180594,0.76819998,24.46452522
600056.SH,2018/8/31 0:00,中国医药,0.274,-2.016607355,医药制造业,23.0984,-0.5937,62.5817,39.3545,8.6199,-0.23736107,11.88290501,6.7856,2.21109581,0.592100024,27.88913536
002807.SZ,2018/8/31 0:00,江阴银行,0.15,1.648351648,货币金融服务,,-221.6175,91.0207,-0.3774,11.0118,-0.23020029,11.91094303,,1.000899076,,
600978.SH,2018/8/31 0:00,宜华生活,0.204,-0.375234522,家具制造业,7.6651,13.5869,52.0954,-16.4234,21.9188,-0.33929096,11.91208076,5.1126,0.953897953,1.257300019,20.63565254
002180.SZ,2018/8/31 0:00,纳思达,0.164,2.318145484,计算机、通信和其他电子设备制造业,6.9905,5.3984,79.2237,244.5061,33.0408,-0.10162708,11.9559269,10.7601,6.405955791,0.312000006,29.81933403
601233.SH,2018/8/31 0:00,桐昆股份,0.503,-3.037383178,化学纤维制造业,15.0239,6.0965,50.9439,77.1632,27.8761,0.02126851,12.09201717,6.2913,2.077467203,1.248600006,38.04726791
600580.SH,2018/8/31 0:00,卧龙电气,0.147,0.652741514,电气机械及器材制造业,9.5389,6.4371,65.6175,222.564,9.2242,-0.03778305,12.27246571,5.9817,1.728159904,0.624599993,21.30076027
002285.SZ,2018/8/31 0:00,世联行,0.19,2.847571189,房地产业,16.4238,-16.7868,64.248,20.9816,23.6438,-0.33462182,12.33597565,7.5762,2.38789463,1.291399956,40.32733917
002482.SZ,2018/8/31 0:00,广田集团,0.109,-0.511073254,建筑装饰和其他建筑业,8.4234,7.7801,59.7401,54.1177,18.1197,-0.21292571,12.6101532,8.5855,1.301600337,0.899500012,25.03090477
002839.SZ,2018/8/31 0:00,张家港行,0.156,0.347826087,货币金融服务,,-41.7169,91.2127,14.895,8.3333,-0.35549346,12.67373943,,1.190282226,,
000656.SZ,2018/8/31 0:00,金科股份,0.421,-2.222222222,房地产业,4.1741,6.5189,84.793,86.3816,35.1612,0.08743077,12.72465801,6.5636,1.461521745,-0.179000005,29.3392086
603188.SH,2018/8/31 0:00,ST亚邦,0.116,-10.33755274,化学原料及化学制品制造业,12.9287,23.7731,31.3569,-41.5587,6.4861,-0.37847156,12.80072689,7.4009,1.582000732,1.277999997,21.71679878
600729.SH,2018/8/31 0:00,重庆百货,0.213,-4.730949801,零售业,14.8219,3.5308,56.3093,65.0059,4.4252,-0.085695,12.85285091,8.1717,1.969379663,0.795000017,29.79647064
000039.SZ,2018/8/31 0:00,中集集团,0.301,6.501831502,金属制品业,5.7588,4.7267,69.8803,45.4703,41.8617,-0.29089149,12.96431446,4.4484,1.132148504,1.547799945,29.07801628
300182.SZ,2018/8/31 0:00,捷成股份,0.249,-5.601317957,广播、电视、电影和影视录音制作业,9.4584,10.4513,36.7871,1.1482,29.3484,-0.33066673,13.12955761,4.1911,1.451278567,0.837700009,22.54922295
000937.SZ,2018/8/31 0:00,冀中能源,0.133,1.741293532,煤炭开采和洗选业,6.4441,19.165,53.2252,54.0609,14.7715,-0.19764192,13.15087986,3.8098,0.729346633,1.478099942,30.90636826
603444.SH,2018/8/31 0:00,吉比特,0.111,-9.911073953,互联网和相关服务,35.0853,56.4616,22.2784,7.5138,3.22,-0.27994664,13.20231438,8.9147,3.407953262,,
002118.SZ,2018/8/31 0:00,紫鑫药业,0.085,-7.462686567,医药制造业,10.2339,-32.1684,52.6157,112.7143,85.297,-0.25647586,13.28224659,7.4648,1.621683121,0.9745,30.55337715
600167.SH,2018/8/31 0:00,联美控股,0.062,-3.00120048,电力、热力生产和供应业,15.6132,27.75,27.3373,27.8555,12.8501,-0.28777555,13.31546497,9.5678,1.900449991,1.392400026,28.46486855
000598.SZ,2018/8/31 0:00,兴蓉环境,0.231,3.529411765,水的生产和供应业,8.7065,44.5664,44.1176,16.3259,16.6829,-0.09477745,13.4984951,6.8806,1.315786123,0.978699982,18.15916634
600160.SH,2018/8/31 0:00,巨化股份,0.311,-2.288021534,化学原料及化学制品制造业,15.2926,12.6857,19.5966,135.3148,31.9917,-0.12469544,13.58628559,8.1123,1.705472469,0.749899983,28.02111816
600270.SH,2018/8/31 0:00,外运发展,0.22,3.247082699,装卸搬运和其他运输代理,15.2838,6.2489,22.6529,18.8068,28.0253,0.07517682,13.60179138,12.6733,2.251965284,0.763899982,23.036623
600623.SH,2018/8/31 0:00,华谊集团,0.147,-0.795454545,化学原料及化学制品制造业,6.7099,10.1926,50.174,137.0792,-6.8889,-0.0994801,13.65159321,5.1169,1.059322357,0.880200028,35.72631836
600338.SH,2018/8/31 0:00,西藏珠峰,0.136,1.077682982,有色金属矿采选业,36.1326,47.3056,49.9085,12.3075,20.1726,-0.31815003,13.68994236,10.0367,6.722524166,0.627399981,41.04336929
002589.SZ,2018/8/31 0:00,瑞康医药,0.382,-15.30524506,批发业,14.015,-12.1943,67.1085,44.5193,48.778,-0.27043573,13.79432583,5.7766,1.800061822,-0.033399999,23.12080002
600718.SH,2018/8/31 0:00,东软集团,0.319,1.123595506,软件和信息技术服务业,9.8211,2.1577,26.9908,-50.1676,2.0248,-0.16801493,13.83994007,11.2422,1.614434242,0.181899995,28.02770042
601811.SH,2018/8/31 0:00,新华文轩,0.045,2.800829876,新闻和出版业,9.749,10.6739,38.1063,11.4684,13.4237,-0.15125637,13.9770689,12.7598,1.500883341,1.029099941,30.38640594
300197.SZ,2018/8/31 0:00,铁汉生态,0.223,0,土木工程建筑业,9.2484,-8.6441,70.5394,42.1623,74.5436,,14.02611923,7.8011,1.904758811,0.0228,33.17778015
002503.SZ,2018/8/31 0:00,搜于特,0.119,-2.821316614,纺织服装、服饰业,13.157,-2.3696,45.7082,34.2887,113.8168,-0.32940398,14.06178665,7.3626,1.799078345,0.581900001,22.56654358
600545.SH,2018/8/31 0:00,卓郎智能,0.134,-0.129198966,专用设备制造业,20.4374,-8.86,74.9389,934.4251,346.5279,-0.16130379,14.06282806,8.8534,5.758464336,1.678200006,59.04769135
601928.SH,2018/8/31 0:00,凤凰传媒,0.14,2.218700475,新闻和出版业,8.86,15.5784,35.6715,-3.1867,1.9545,-0.11418728,14.13327503,10.8531,1.2836622,0.665199995,11.46790886
000078.SZ,2018/8/31 0:00,海王生物,0.187,-0.765306122,零售业,10.2279,-8.1281,80.3299,35.7009,102.0235,-0.28279994,14.15196133,5.0899,1.762554884,0.754400015,19.34181213
600260.SH,2018/8/31 0:00,凯乐科技,0.26,4.289405685,计算机、通信和其他电子设备制造业,14.8787,10.7318,70.2638,101.8755,27.7026,-0.28843139,14.18708611,7.941,2.715940714,0.804199994,34.45083618
600642.SH,2018/8/31 0:00,申能股份,0.42,2.131782946,燃气生产和供应业,7.403,5.6463,41.7849,-23.7968,18.2462,-0.02381191,14.25427723,4.6455,0.989548147,0.756900012,11.91339207
600388.SH,2018/8/31 0:00,龙净环保,0.237,-2.818270165,专用设备制造业,14.159,5.021,71.443,7.0725,4.2987,-0.30069215,14.27021408,10.2141,2.341362715,0.351099998,31.08338356
300418.SZ,2018/8/31 0:00,昆仑万维,0.27,1.174033149,互联网和相关服务,18.8917,24.5334,37.8417,100.9862,18.0929,-0.31563239,14.33274078,9.1966,2.569232941,1.450799942,33.35860443
300376.SZ,2018/8/31 0:00,易事特,0.133,-2.874743326,电气机械及器材制造业,11.5248,7.6785,55.7496,20.1121,7.0044,-0.24512849,14.48799801,10.0917,2.360738277,0.123000003,61.0267334
000008.SZ,2018/8/31 0:00,神州高铁,0.267,-4.22832981,铁路、船舶、航空航天和其他运输设备制造业,12.9125,-28.0842,27.2238,61.6714,36.303,-0.36495415,14.51737499,11.2336,1.813889742,1.282600045,26.02441025
600120.SH,2018/8/31 0:00,浙江东方,0.165,5.819672131,批发业,9.1475,2.5446,44.5931,24.1192,82.1039,-0.21438624,14.62537098,9.7415,1.156352162,0.810000002,21.220047
600216.SH,2018/8/31 0:00,浙江医药,0.177,-0.31120332,医药制造业,9.0165,7.644,19.1189,79.3793,28.8564,-0.26967452,14.68967533,8.1388,1.203181624,0.663699985,30.63339615
600881.SH,2018/8/31 0:00,亚泰集团,0.179,1.966292135,非金属矿物制品业,11.6654,32.852,65.9589,1156.2579,69.7598,-0.20648609,14.75767326,1.9483,0.800064981,1.200600028,24.50193787
600060.SH,2018/8/31 0:00,海信电器,0.238,2.226720648,计算机、通信和其他电子设备制造业,6.1679,11.583,37.7315,-30.2555,4.1874,-0.27212392,14.79883957,8.4864,0.949903965,1.12590003,26.29010582
002709.SZ,2018/8/31 0:00,天赐材料,0.125,7.612903226,化学原料及化学制品制造业,19.9604,-16.647,32.1968,50.4439,4.692,-0.3922024,14.80708504,10.4455,3.031111479,1.376399994,51.88115692
603556.SH,2018/8/31 0:00,海兴电力,0.086,-0.657894737,仪器仪表制造业,9.1894,19.6308,24.2306,-19.5411,10.3825,-0.42605529,14.83368015,12.802,1.406603098,,
600750.SH,2018/8/31 0:00,江中药业,0.115,-1.338432122,医药制造业,16.0922,15.0117,13.2013,10.6701,12.4497,-0.14550924,14.92170811,11.9046,2.161030531,0.328000009,22.75741577
002056.SZ,2018/8/31 0:00,横店东磁,0.168,-5.927051672,电气机械及器材制造业,15.2121,13.9633,24.6924,48.8715,24.2234,-0.31258334,14.99940395,9.4994,2.140642166,0.855300009,37.99565125
000877.SZ,2018/8/31 0:00,天山股份,0.158,-3.571428571,非金属矿物制品业,8.3752,18.7458,52.0245,261.4338,32.9832,-0.1977243,15.00071049,3.835,1.094931602,2.102900028,68.51576996
600643.SH,2018/8/31 0:00,爱建集团,0.303,4.222222222,其他金融业,9.0683,-170.975,52.7553,51.1117,15.8836,-0.14214057,15.06230831,9.8062,1.677535295,0.546299994,22.74078751
000426.SZ,2018/8/31 0:00,兴业矿业,0.148,-5.296950241,有色金属矿采选业,13.8552,42.7102,38.1951,163.212,70.6157,-0.37667073,15.24575806,7.461,1.907981515,1.655599952,35.45196152
600594.SH,2018/8/31 0:00,益佰制药,0.143,-1.517241379,医药制造业,8.5736,8.1911,34.5805,-8.1947,-4.1964,-0.29876179,15.28832722,7.7621,1.295577288,0.901499987,31.56108284
601689.SH,2018/8/31 0:00,拓普集团,0.11,1.093560146,汽车制造业,10.0157,13.9101,36.5584,7.7065,26.5227,-0.23492283,15.36863995,10.1848,1.753646851,-0.168599993,23.25347519
600687.SH,2018/8/31 0:00,刚泰控股,0.055,-5.239179954,其他制造业,7.3886,-10.3822,52.7042,-18.7561,1.0141,-0.60194681,15.5255518,6.9165,1.007207394,1.164199948,40.20782852
600195.SH,2018/8/31 0:00,中牧股份,0.132,0.969305331,医药制造业,11.9708,9.2141,34.605,46.7726,19.2626,-0.0949241,15.72351646,9.3686,2.007811785,0.278200001,20.37515259
002818.SZ,2018/8/31 0:00,富森美,0.1,1.870679138,商务服务业,18.8148,73.4689,21.184,16.6683,10.983,-0.13132587,15.81362057,10.3088,2.550153494,,
600582.SH,2018/8/31 0:00,天地科技,0.189,5.852417303,专用设备制造业,9.5851,4.7134,45.7627,21.6773,26.9948,-0.03140529,15.91072178,7.6441,1.125291109,1.138499975,24.01280594
600557.SH,2018/8/31 0:00,康缘药业,0.137,-4.142581888,医药制造业,11.7083,12.1772,30.795,2.918,9.3342,-0.24094426,15.96993351,9.3202,1.680372357,0.716400027,18.36008453
000400.SZ,2018/8/31 0:00,许继电气,0.138,25.43741588,电气机械及器材制造业,9.5545,1.6969,44.6002,-32.0875,-2.3641,-0.16868555,16.05637169,9.7504,1.2224406,0.632499993,26.50626564
600528.SH,2018/8/31 0:00,中铁工业,0.355,-0.196656834,专用设备制造业,6.4453,4.3562,56.8955,74.0497,-57.2502,-0.10685122,16.06965828,10.6641,1.510434747,1.450999975,28.74996567
002064.SZ,2018/8/31 0:00,华峰氨纶,0.152,-0.697674419,化学纤维制造业,12.4786,14.1126,33.2526,46.092,30.1013,-0.09491302,16.23219299,8.3457,1.986129761,0.512099981,17.67315292
600639.SH,2018/8/31 0:00,浦东金桥,0.086,1.649862511,房地产业,7.7741,-38.995,57.2324,19.5966,16.1733,-0.24637663,16.23659706,8.5191,1.473246574,0.851999998,13.62950802
000049.SZ,2018/8/31 0:00,德赛电池,0.099,-3.211009174,电气机械及器材制造业,16.9557,-3.2343,70.5589,-3.2141,36.0083,-0.29440222,16.26943016,7.961,3.500307083,0.48179999,26.63824844
600511.SH,2018/8/31 0:00,国药股份,0.242,0.726577438,批发业,17.9917,5.496,52.1713,54.3049,53.0777,-0.04580869,16.51057053,9.7305,2.385729074,0.30250001,19.12391853
002491.SZ,2018/8/31 0:00,通鼎互联,0.22,-3.10421286,电气机械及器材制造业,9.8539,8.5925,50.0661,15.7331,10.0222,-0.28012192,16.59856415,10.147,2.265810013,-0.0396,30.03237534
002479.SZ,2018/8/31 0:00,富春环保,0.069,1.018329939,电力、热力生产和供应业,8.9285,12.7073,31.7503,-19.0949,-3.1967,-0.38360874,16.59923553,6.3773,1.199004054,1.157899976,27.862463
600811.SH,2018/8/31 0:00,东方集团,0.387,-0.748129676,批发业,3.1593,22.1973,58.1114,24.9528,17.3889,-0.13044112,16.59954071,10.3384,0.72849524,0.378899992,9.381480217
600737.SH,2018/8/31 0:00,中粮糖业,0.241,-2.281879195,农副食品加工业,10.0854,28.1141,59.2072,38.9865,15.8859,-0.07084212,16.60852814,7.817,2.039255381,0.721899986,20.20506477
600500.SH,2018/8/31 0:00,中化国际,0.216,6.358381503,化学原料及化学制品制造业,9.5033,1.8822,62.2738,134.9927,48.0879,-0.07002931,16.61312103,3.2596,1.368396282,1.295400023,25.26230812
000028.SZ,2018/8/31 0:00,国药一致,0.212,-3.582991582,批发业,11.6678,3.0886,56.3627,-6.0727,-12.9313,-0.19478136,16.72602654,10.2163,1.929761171,0.137199998,18.41551018
601966.SH,2018/8/31 0:00,玲珑轮胎,0.234,2.903225806,橡胶和塑料制品业,8.3417,13.5582,55.9697,28.2699,15.3378,-0.06611473,16.82074165,8.0972,2.074118137,0.916700006,32.3574791
600122.SH,2018/8/31 0:00,宏图高科,0.209,0,零售业,6.1985,-8.2405,56.7002,-8.5884,-7.7244,,16.91698837,8.1099,1.043335915,0.531000018,14.99159241
600004.SH,2018/8/31 0:00,白云机场,0.384,5.612244898,航空运输业,12.0566,31.2438,43.6316,3.3958,13.6469,-0.14142477,16.93155289,8.5238,1.692684054,1.748700023,26.56342316
002701.SZ,2018/8/31 0:00,奥瑞金,0.19,0.185528757,金属制品业,11.4503,18.3538,59.0003,-22.7645,7.4684,-0.06000095,16.93935776,6.9854,2.260151863,0.448500007,19.4564724
002174.SZ,2018/8/31 0:00,游族网络,0.202,-1.404853129,互联网和相关服务,14.5604,16.456,39.2655,16.8699,4.6618,-0.26765356,16.94861794,13.0234,3.372350216,1.060500026,27.59295464
603328.SH,2018/8/31 0:00,依顿电子,0.088,2.392775896,计算机、通信和其他电子设备制造业,12.3517,21.8314,14.5019,-5.1434,2.4477,-0.17855702,17.10421562,13.3136,2.354934216,0.601700008,30.2700119
601001.SH,2018/8/31 0:00,大同煤业,0.119,3.58649789,煤炭开采和洗选业,16.0456,20.7341,62.2032,28.973,0.2004,-0.14221424,17.32090569,2.6122,1.52897644,1.480599999,35.05012512
601311.SH,2018/8/31 0:00,骆驼股份,0.143,0.088105727,电气机械及器材制造业,8.408,2.3081,46.7692,5.1484,23.3474,-0.08968445,17.32600212,8.9496,1.726408482,0.467599988,19.0096035
601098.SH,2018/8/31 0:00,中南传媒,0.256,6.620209059,新闻和出版业,9.2012,9.3482,32.5378,-28.8131,-15.1391,-0.04643661,17.364851,14.6437,1.707720876,1.0079,20.82167625
600366.SH,2018/8/31 0:00,宁波韵升,0.104,6.626506024,计算机、通信和其他电子设备制造业,7.5185,-3.1824,19.7501,38.3095,26.0182,-0.34887331,17.3744278,11.3019,1.202541709,1.421900034,28.99002647
002317.SZ,2018/8/31 0:00,众生药业,0.172,-4.572564612,医药制造业,11.7795,12.4555,20.9148,0.8376,19.6048,-0.15398512,17.50240898,12.9849,2.038960934,0.496100008,21.15145874
000418.SZ,2018/8/31 0:00,小天鹅A,0.305,0,电气机械及器材制造业,17.765,10.1925,55.894,24.3949,20.9079,,17.53852081,13.6145,4.002245903,1.022899985,38.46399689
002195.SZ,2018/8/31 0:00,二三四五,0.363,-4.555314534,软件和信息技术服务业,9.8694,20.199,22.7875,30.3656,71.6319,-0.06623024,17.63190842,19.6657,2.379635572,0.809199989,38.32058334
603877.SH,2018/8/31 0:00,太平鸟,0.039,-3.203014602,纺织服装、服饰业,22.3408,6.8223,40.7693,49.3149,12.929,-0.26590354,17.6683445,9.7901,3.090343475,,
603198.SH,2018/8/31 0:00,迎驾贡酒,0.109,8.984910837,酒、饮料和精制茶制造业,23.4626,21.9807,23.4814,5.5022,7.0467,-0.05817049,17.67435265,11.6012,3.225466013,0.73150003,27.10555649
600062.SH,2018/8/31 0:00,华润双鹤,0.254,-1.728553137,医药制造业,14.4345,18.9207,23.7842,12.937,29.85,-0.20034854,17.69429588,11.0904,2.172380924,0.586899996,23.49492264
002444.SZ,2018/8/31 0:00,巨星科技,0.165,-0.293255132,金属制品业,11.0041,7.5523,19.9701,-3.2442,30.5437,-0.18575096,17.72058487,12.934,1.743622661,0.750699997,21.0011158
000999.SZ,2018/8/31 0:00,华润三九,0.314,-3.288718929,医药制造业,15.3679,14.8104,35.1848,8.2357,29.8497,-0.0478599,17.84971619,12.3902,2.422310591,0.233799994,20.64050293
600633.SH,2018/8/31 0:00,浙数文化,0.169,1.607347876,互联网和相关服务,9.9832,22.2751,12.2678,-63.6465,-47.5749,-0.27185502,17.90721512,13.1127,1.460751534,0.75849998,28.97132111
600717.SH,2018/8/31 0:00,天津港,0.191,2.153432032,水上运输业,7.1406,17.1476,42.3431,-30.614,-3.7175,-0.19431886,17.92216301,4.372,0.807433069,0.855300009,28.73922539
002242.SZ,2018/8/31 0:00,九阳股份,0.154,-0.608272506,电气机械及器材制造业,23.5574,4.338,31.8441,-1.2751,4.7389,-0.02696084,17.97427559,14.4554,3.70091033,0.367300004,17.49232674
002573.SZ,2018/8/31 0:00,清新环境,0.224,0,生态保护和环境治理业,13.8235,0.0855,60.074,-9.6366,25.5511,,17.97941017,8.2225,2.761836052,0.889599979,35.76754379
601020.SH,2018/8/31 0:00,华钰矿业,0.053,-1.637764933,有色金属矿采选业,12.88,37.7826,39.6027,13.262,66.9121,-0.40574108,18.04719925,11.8519,2.870861292,1.624799967,42.45187378
603885.SH,2018/8/31 0:00,吉祥航空,0.207,2.080123267,航空运输业,11.9046,20.2151,56.4886,12.7251,22.14,-0.09443563,18.05236435,8.375,2.688831568,0.557399988,19.13015556
000012.SZ,2018/8/31 0:00,南玻A,0.162,2.263374486,非金属矿物制品业,7.8354,19.3589,55.5832,6.5434,17.7083,-0.21894695,18.06042862,6.1596,1.615779757,1.74150002,28.85181046
002345.SZ,2018/8/31 0:00,潮宏基,0.082,-2.521008403,其他制造业,7.8491,6.5732,35.7735,14.4669,7.4918,-0.35944889,18.18899918,10.8249,1.498638749,0.850000024,25.35964775
000528.SZ,2018/8/31 0:00,柳工,0.262,1.603773585,专用设备制造业,5.5839,-0.987,60.1165,157.6181,76.1329,0.14415949,18.21530342,9.7011,1.287076831,0.408600003,25.15942383
600143.SH,2018/8/31 0:00,金发科技,0.262,-1.99556541,橡胶和塑料制品业,6.6256,9.0872,53.4794,26.43,13.8342,-0.21075191,18.21668434,7.0331,1.201998234,0.724099994,27.15024376
600037.SH,2018/8/31 0:00,歌华有线,0.201,1.758014478,电信、广播电视和卫星传输服务,4.8149,40.2242,17.2711,6.9993,1.0618,-0.18327717,18.30093956,11.2775,1.074009895,0.754000008,16.5532093
002147.SZ,2018/8/31 0:00,新光圆成,0.328,0,房地产业,19.4278,-5.083,47.6611,6.2382,-51.7482,,18.32279396,9.9698,3.297022104,0.509199977,18.3417244
600138.SH,2018/8/31 0:00,中青旅,0.271,5.976095618,商务服务业,14.9722,-6.8992,41.0031,19.5307,16.932,-0.2108261,18.34492302,7.4897,1.949935317,1.514500022,25.93053246
600422.SH,2018/8/31 0:00,昆药集团,0.121,-4.318488529,医药制造业,8.1277,5.4727,43.7439,-19.7324,22.0791,-0.21566979,18.35577202,10.9426,1.55053091,0.497599989,21.27720451
600499.SH,2018/8/31 0:00,科达洁能,0.22,-1.405975395,专用设备制造业,6.4468,-1.2494,55.782,85.448,33.4701,-0.3799846,18.37888336,9.7083,1.568417668,1.171399951,32.73091125
600648.SH,2018/8/31 0:00,外高桥,0.206,-7.661290323,批发业,6.6182,18.6832,68.0172,53.7341,21.9659,-0.11506548,18.42206192,8.0301,1.836720943,0.592400014,15.00752735
600021.SH,2018/8/31 0:00,上海电力,0.237,0.667556742,电力、热力生产和供应业,7.5644,24.1815,77.7478,61.0384,22.9786,-0.10773354,18.43359184,2.6323,1.442806125,0.480399996,21.79924583
000090.SZ,2018/8/31 0:00,天健集团,0.128,1.369863014,土木工程建筑业,5.192,-50.5701,75.0013,-26.0107,2.7971,-0.20961514,18.50532722,8.0289,1.348351359,0.961600006,23.43187523
600884.SH,2018/8/31 0:00,杉杉股份,0.281,4.39628483,电气机械及器材制造业,8.8847,-7.4249,52.7913,105.1357,21.3726,-0.13135201,18.51009941,9.7509,1.815159082,0.465700001,46.62784576
600179.SH,2018/8/31 0:00,安通控股,0.206,-8.710033076,装卸搬运和其他运输代理,17.5389,10.7753,68.9783,-9.5347,40.4142,-0.3724516,18.5973835,10.1856,3.810912609,1.097900033,34.8419342
002191.SZ,2018/8/31 0:00,劲嘉股份,0.224,-3.436018957,印刷和记录媒介复制业,12.3904,27.3173,20.6064,23.3451,8.0958,-0.0285625,18.73289108,11.8162,1.951157451,0.408100009,20.65470505
600017.SH,2018/8/31 0:00,日照港,0.173,0,水上运输业,5.4288,29.4318,42.2143,93.929,13.0885,-0.17630962,18.82465744,5.4408,0.855168045,0.980700016,16.57538033
600598.SH,2018/8/31 0:00,北大荒,0.213,0.879765396,农业,14.6807,45.1889,32.6968,49.4815,11.3493,-0.02276253,18.82500648,15.8321,2.932191372,1.197900057,22.26378059
300287.SZ,2018/8/31 0:00,飞利信,0.197,-4.384485666,软件和信息技术服务业,7.0873,-17.2236,27.4821,22.8785,28.423,-0.2748513,18.87739754,14.7308,1.377482533,0.256399989,29.94889069
600751.SH,2018/8/31 0:00,海航科技,0.305,-18.95223421,批发业,5.5823,1.6091,84.6417,267.4865,75.3942,-0.18204008,19.18593597,3.4942,1.161044359,0.656599998,27.79491234
002344.SZ,2018/8/31 0:00,海宁皮城,0.093,2.953586498,商务服务业,5.2113,38.6008,29.4011,-19.8594,-11.6864,-0.16096851,19.28537369,8.4972,0.845207691,0.98150003,20.04363823
300297.SZ,2018/8/31 0:00,蓝盾股份,0.129,-6.166219839,软件和信息技术服务业,8.9167,1.0943,50.3322,16.4599,6.9232,-0.23459913,19.29542732,9.8924,2.004074097,0.45660001,17.85051537
002375.SZ,2018/8/31 0:00,亚厦股份,0.107,1.663585952,建筑装饰和其他建筑业,4.9331,-0.742,60.0404,10.9006,2.9649,-0.1937796,19.31625748,13.2391,0.963429034,1.083699942,21.53874397
002416.SZ,2018/8/31 0:00,爱施德,0.063,5.366726297,批发业,6.0741,2.1154,59.2991,48.768,25.5589,-0.15238763,19.45846176,10.1962,1.339022279,0.817600012,21.72511292
300113.SZ,2018/8/31 0:00,顺网科技,0.19,5.252918288,互联网和相关服务,23.7477,34.4377,16.3473,17.2482,25.3726,-0.13719233,19.48872566,14.9191,3.685123444,0.374000013,33.04198837
000156.SZ,2018/8/31 0:00,华数传媒,0.144,5.350772889,广播、电视、电影和影视录音制作业,5.0531,41.0022,29.1044,5.8403,2.9472,-0.19680389,19.52554512,10.3889,1.224738955,0.870599985,18.45153809
600335.SH,2018/8/31 0:00,国机汽车,0.131,0,批发业,5.6184,-16.6688,69.5194,-22.7057,-11.84,,19.58149338,6.8468,1.391640782,0.253300011,30.53363037
600597.SH,2018/8/31 0:00,光明乳业,0.179,-1.368421053,食品制造业,13.6591,7.6032,58.9058,7.947,2.2022,-0.23679535,19.58506203,5.3259,2.103771687,1.350800037,27.2236824
002672.SZ,2018/8/31 0:00,东江环保,0.18,-0.690250216,废弃资源综合利用业,10.4351,26.211,53.1917,1.7742,17.8105,-0.23003174,19.66721535,9.4827,2.642416239,1.063599944,30.57346725
000401.SZ,2018/8/31 0:00,冀东水泥,0.298,9.523809524,非金属矿物制品业,7.0442,18.8178,72.6709,-14.1403,21.6598,-0.13762307,19.76662064,3.4595,1.413897872,1.173699975,50.05696106
603569.SH,2018/8/31 0:00,长久物流,0.031,15.07064364,商务服务业,18.2916,-5.01,50.3069,18.4109,6.6964,-0.13606983,19.79431343,13.9966,3.690864325,1.432000041,41.24982834
000848.SZ,2018/8/31 0:00,承德露露,0.149,5.81257414,酒、饮料和精制茶制造业,31.9026,22.4978,16.5643,8.0059,7.4566,-0.05380647,19.88719177,14.7045,4.953766346,1.245100021,29.82071877
300088.SZ,2018/8/31 0:00,长信科技,0.311,-3.649635036,计算机、通信和其他电子设备制造业,10.8599,4.7944,50.0035,18.5158,-29.7727,-0.2480686,19.93211746,10.7176,2.702074289,0.416900009,27.35808945
001696.SZ,2018/8/31 0:00,宗申动力,0.094,4.75161987,铁路、船舶、航空航天和其他运输设备制造业,7.767,-11.5181,51.4493,-6.2526,9.5159,-0.1038223,19.99681473,9.3787,1.424399734,0.528500021,18.47197533
600053.SH,2018/8/31 0:00,九鼎投资,0.052,-6.171107994,其他金融业,11.7054,140.056,61.3663,-50.9116,-38.6246,-0.39788422,20.02390289,14.0187,2.874945879,0.612999976,40.96473312
600307.SH,2018/8/31 0:00,酒钢宏兴,0.203,-0.943396226,黑色金属冶炼及压延加工,4.1629,7.2463,73.717,306.4352,24.2,-0.18571827,20.07339859,4.9662,1.282065988,1.138399959,25.8529377
600827.SH,2018/8/31 0:00,百联股份,0.223,0.890868597,零售业,7.8941,4.8769,54.4704,16.8499,1.7233,-0.2223755,20.07444763,6.0616,1.005033731,1.381299973,32.53380203
002681.SZ,2018/8/31 0:00,奋达科技,0.087,-0.447427293,计算机、通信和其他电子设备制造业,7.094,22.5366,26.9734,16.3877,64.6408,-0.36194633,20.13423538,11.7527,1.473968625,0.2324,32.49327469
002273.SZ,2018/8/31 0:00,水晶光电,0.241,-9.206081081,计算机、通信和其他电子设备制造业,11.5642,8.5604,29.9142,51.2138,7.4784,-0.32099281,20.22942352,13.0253,2.682431221,0.85710001,32.10079193
601717.SH,2018/8/31 0:00,郑煤机,0.168,7.84,专用设备制造业,5.7029,0.4799,55.7728,272.8756,232.0486,0.04774236,20.2319622,7.2553,1.057183266,0.077100001,23.79560661
600572.SH,2018/8/31 0:00,康恩贝,0.277,-1.179941003,医药制造业,13.2111,9.6855,44.9226,80.2742,22.9592,-0.04262624,20.42329979,13.1423,3.133929729,0.414299995,15.17518997
300039.SZ,2018/8/31 0:00,上海凯宝,0.099,-0.200400802,医药制造业,12.3176,16.9456,11.8498,-8.6571,-0.155,-0.19973023,20.45019722,15.3198,2.185599327,1.129400015,19.32033348
300026.SZ,2018/8/31 0:00,红日药业,0.196,-2.78551532,医药制造业,9.4745,20.6735,12.6399,-17.3761,9.2754,-0.13461985,20.45087624,13.5024,1.583171964,0.820299983,20.2632618
601200.SH,2018/8/31 0:00,上海环境,0.154,1.131541726,生态保护和环境治理业,9.0139,28.966,47.0288,-11.7016,-7.8109,-0.28685835,20.67350578,9.9873,1.804948807,,
600996.SH,2018/8/31 0:00,贵广网络,0.068,1.269393512,电信、广播电视和卫星传输服务,6.199,18.825,56.7094,-20.4438,22.9006,-0.21008569,20.67370033,7.438,1.739010453,,
002004.SZ,2018/8/31 0:00,华邦健康,0.214,-0.202839757,化学原料及化学制品制造业,6.0397,10.3633,52.3634,35.4572,22.522,-0.18280609,20.72674179,5.5381,1.079899192,0.808399975,15.6778307
600183.SH,2018/8/31 0:00,生益科技,0.352,0.383877159,计算机、通信和其他电子设备制造业,15.2724,7.274,48.8308,12.7026,23.2568,0.00834192,20.7364254,12.358,3.739830256,0.176699996,37.39982605
600141.SH,2018/8/31 0:00,兴发集团,0.146,-0.087412587,化学原料及化学制品制造业,7.8074,13.6968,65.8028,123.5886,8.9158,-0.13246102,20.98889732,3.4614,1.103098512,1.606400013,37.20479965
002408.SZ,2018/8/31 0:00,齐翔腾达,0.332,0,化学原料及化学制品制造业,13.5498,2.2583,35.9109,48.5576,200.2001,,21.1437149,12.346,3.139752865,2.101700068,53.28966141
002176.SZ,2018/8/31 0:00,江特电机,0.273,1.744966443,电气机械及器材制造业,8.1893,-15.591,57.7456,240.1966,49.5464,-0.3023472,21.23706055,12.3545,2.599192619,0.778599977,42.4840889
002831.SZ,2018/8/31 0:00,裕同科技,0.177,0.276360544,造纸及纸制品业,13.8069,5.1763,45.3938,-3.872,22.4811,-0.13172466,21.27745628,14.193,3.755607843,,
000703.SZ,2018/8/31 0:00,恒逸石化,0.589,6.527093596,化学纤维制造业,8.7807,3.9287,58.4592,52.1839,60.1807,0.18697621,21.33812332,10.7136,3.084944725,0.961399972,35.85449219
002152.SZ,2018/8/31 0:00,广电运通,0.204,8.30449827,通用设备制造业,9.9156,16.3367,24.814,-27.4139,16.1628,-0.06753058,21.37836647,14.9849,1.773377776,0.645699978,20.85008049
000960.SZ,2018/8/31 0:00,锡业股份,0.262,3.420523139,有色金属冶炼及压延加工,6.4143,5.8203,62.6167,45.9993,0.3987,-0.21829851,21.4490509,6.2121,1.494622946,2.26970005,39.66361618
600277.SH,2018/8/31 0:00,亿利洁能,0.222,5.098039216,化学原料及化学制品制造业,6.2454,4.461,46.3531,120.8145,30.4691,-0.05576669,21.46102142,7.453,1.009389639,0.0113,20.3703022
002640.SZ,2018/8/31 0:00,跨境通,0.265,-4.478707783,零售业,12.9186,-2.2042,41.1035,65.6132,71.7085,-0.26891171,21.49337387,15.3414,2.905385256,0.078900002,32.00933838
603806.SH,2018/8/31 0:00,福斯特,0.072,0.47805302,橡胶和塑料制品业,12.9814,8.033,16.6494,-14.5151,5.7561,-0.08950412,21.57110214,16.449,2.411527872,0.922500014,31.78728867
000813.SZ,2018/8/31 0:00,德展健康,0.218,-0.627352572,医药制造业,19.0457,7.6225,10.0456,-26.2451,50.714,-0.08509114,21.82101631,18.1463,3.558239698,0.229800001,33.02570724
002635.SZ,2018/8/31 0:00,安洁科技,0.131,-6.561859193,计算机、通信和其他电子设备制造业,8.5979,10.0398,19.7992,12.3425,76.7098,-0.41694835,21.84399223,13.9092,1.514122725,0.770600021,46.0122757
002920.SZ,2018/8/31 0:00,德赛西威,0.074,-0.091449474,汽车制造业,14.706,18.1482,32.352,-7.6761,1.0208,-0.32018322,22.01751709,15.1288,3.127892971,,
601016.SH,2018/8/31 0:00,节能风电,0.137,0.373134328,电力、热力生产和供应业,5.8615,54.9211,63.6957,73.1681,37.6353,-0.1590629,22.03842163,5.9201,1.641724944,0.951900005,20.6581707
600006.SH,2018/8/31 0:00,东风汽车,0.094,2.331606218,汽车制造业,1.4274,-4.9642,57.3242,317.34,-7.7176,-0.20739861,22.11758614,15.3175,1.139726877,0.722100019,21.72060966
300043.SZ,2018/8/31 0:00,星辉娱乐,0.069,1.939058172,互联网和相关服务,6.5724,13.132,55.6163,-39.334,10.5172,-0.32629077,22.17801476,8.1532,1.723052859,1.394199967,29.77395248
002183.SZ,2018/8/31 0:00,怡亚通,0.273,4.091653028,商务服务业,5.8995,5.6773,79.7212,15.752,20.9323,-0.10641379,22.23334885,5.5776,2.217353582,1.08099997,25.55294609
600073.SH,2018/8/31 0:00,上海梅林,0.131,6.7381317,食品制造业,8.2279,3.8347,51.0622,-35.2674,12.4447,-0.0815577,22.33384895,8.2528,1.716880322,1.142099977,26.36908722
002588.SZ,2018/8/31 0:00,史丹利,0.082,-1.089324619,化学原料及化学制品制造业,5.1906,5.1488,32.5957,-28.6659,-10.5758,-0.28761083,22.33428383,10.7922,1.22945714,0.855000019,22.39888191
000021.SZ,2018/8/31 0:00,深科技,0.139,0.816993464,计算机、通信和其他电子设备制造业,4.6959,3.6277,60.0609,31.0283,-0.646,-0.2569571,22.37854195,7.9843,1.545468688,0.893000007,24.8081646
002431.SZ,2018/8/31 0:00,棕榈股份,0.172,-4.642166344,土木工程建筑业,5.5189,2.3891,65.9557,116.1921,19.6298,-0.38505396,22.40374565,10.1338,1.317133784,0.533699989,27.54307175
600874.SH,2018/8/31 0:00,创业环保,0.108,3.170731707,水的生产和供应业,8.9033,40.7978,55.3487,10.5948,12.4775,-0.301729,22.53695297,9.7503,2.162115335,-0.093500003,86.54296112
600563.SH,2018/8/31 0:00,法拉电子,0.191,-4.262086514,计算机、通信和其他电子设备制造业,23.4961,28.4966,13.4576,10.5203,7.8371,-0.0538767,22.6130867,16.9668,4.577571869,0.308600008,27.39134407
603369.SH,2018/8/31 0:00,今世缘,0.269,14.35105775,酒、饮料和精制茶制造业,24.5859,26.2913,19.4062,26.4279,24.4255,0.13525279,22.75050163,16.2884,4.326327801,1.139099956,40.11117935
002603.SZ,2018/8/31 0:00,以岭药业,0.233,-1.365461847,医药制造业,10.0873,9.4263,10.2591,14.9996,12.4487,-0.18147014,22.80797005,14.6344,1.986225009,1.119699955,22.29218674
300159.SZ,2018/8/31 0:00,新研股份,0.2,7.692307692,铁路、船舶、航空航天和其他运输设备制造业,6.8396,-9.7535,32.9427,55.1799,5.9184,-0.15527945,22.8376236,14.4369,1.806787252,0.730400026,28.23762512
000543.SZ,2018/8/31 0:00,皖能电力,0.148,-7.079646018,电力、热力生产和供应业,4.2091,9.2995,49.0205,15.2226,8.0728,-0.14380196,22.96173286,3.7183,0.786120713,1.236799955,23.77516937
002437.SZ,2018/8/31 0:00,誉衡药业,0.115,-21.74940898,医药制造业,7.2664,17.9794,52.7564,-45.8932,49.143,-0.46130222,22.99203682,9.5147,1.663808227,1.401900053,31.49734306
603816.SH,2018/8/31 0:00,顾家家居,0.196,2.916059154,家具制造业,22.3814,13.8683,42.5562,35.188,29.0104,-0.18115961,23.05659103,17.0081,5.124142647,,
600098.SH,2018/8/31 0:00,广州发展,0.151,4.06504065,电力、热力生产和供应业,6.4829,7.9636,50.0381,41.5852,23.7405,-0.02575743,23.06165123,5.7437,1.076365709,1.146000028,31.40658379
600614.SH,2018/8/31 0:00,鹏起科技,0.14,-1.318681319,废弃资源综合利用业,6.5974,-6.3593,42.4254,117.0918,-11.8936,-0.44212255,23.24921989,12.1203,1.545732975,1.861400008,41.52522659
600201.SH,2018/8/31 0:00,生物股份,0.54,12.19839142,医药制造业,20.1817,33.964,19.0501,12.7642,15.6403,-0.13568781,23.27225494,19.1815,4.240450382,1.227399945,29.57927132
600664.SH,2018/8/31 0:00,哈药股份,0.177,3.743315508,医药制造业,8.4473,-0.3099,45.0799,-40.8868,-12.8704,-0.12196969,23.37686729,9.3005,1.606950998,1.021600008,23.19493103
600329.SH,2018/8/31 0:00,中新药业,0.146,-7.924305145,医药制造业,11.0988,2.8786,32.3969,18.4696,-1.7862,-0.06447734,23.37841606,18.2765,2.590719938,0.983200014,32.83725739
603589.SH,2018/8/31 0:00,口子窖,0.448,9.436769394,酒、饮料和精制茶制造业,30.2364,32.0534,29.7938,46.0764,29.8163,0.02569317,23.38473892,15.6821,5.755163193,1.364300013,37.50271225
600863.SH,2018/8/31 0:00,内蒙华电,0.198,1.357466063,电力、热力生产和供应业,6.8319,27.0379,67.2683,221.4478,35.2097,-0.1583146,23.51334572,2.5752,1.256479144,0.992299974,16.76625252
002426.SZ,2018/8/31 0:00,胜利精密,0.207,-4.776119403,计算机、通信和其他电子设备制造业,5.2193,-2.0025,54.6519,33.8447,25.8888,-0.33298016,23.64709854,8.1796,1.211904407,0.480599999,27.67886543
002563.SZ,2018/8/31 0:00,森马服饰,0.183,5.576559546,纺织服装、服饰业,14.4445,14.2068,23.3261,-11.5332,16.9743,0.09857262,23.71951866,17.2062,2.965257883,0.729600012,36.8434906
002745.SZ,2018/8/31 0:00,木林森,0.206,-10.88435374,计算机、通信和其他电子设备制造业,7.0911,10.4283,71.2325,32.9335,63.447,-0.22763573,23.71952438,8.9957,2.160144091,0.443199992,32.69696045
002424.SZ,2018/8/31 0:00,贵州百灵,0.126,0.108225108,医药制造业,14.8091,4.0253,27.4161,9.6019,10.733,-0.32604551,23.71974564,17.5378,3.656660795,0.983099997,25.53181458
600939.SH,2018/8/31 0:00,重庆建工,0.082,3.262955854,房屋建筑业,4.1741,4.3257,89.0679,65.7841,6.6381,-0.16794573,23.86521721,7.6655,1.451948881,,
600256.SH,2018/8/31 0:00,广汇能源,0.546,14.05895692,石油和天然气开采业,8.4287,29.8856,63.7588,625.8111,129.7948,0.19625162,23.98491478,8.6579,2.35087204,0.656099975,22.76365089
000686.SZ,2018/8/31 0:00,东北证券,0.261,2.960526316,资本市场服务,,71.3952,74.027,-41.6571,0.4987,-0.20322116,24.23390007,,0.961357772,1.159199953,19.19597244
000089.SZ,2018/8/31 0:00,深圳机场,0.254,11.46245059,航空运输业,7.9686,33.8696,15.0727,15.6607,11.4683,0.02377663,24.31672287,12.1138,1.529897451,0.657899976,15.60854912
000027.SZ,2018/8/31 0:00,深圳能源,0.188,3.435114504,电力、热力生产和供应业,5.2852,16.0835,69.153,7.8139,39.2383,-0.0416247,24.33294296,4.1208,1.024358869,0.797900021,13.93954468
002277.SZ,2018/8/31 0:00,友阿股份,0.126,2.137767221,零售业,5.2307,4.8189,53.8645,-33.9967,8.563,-0.17913457,24.60283279,8.3847,1.163407564,1.22510004,25.82487679
000807.SZ,2018/8/31 0:00,云铝股份,0.259,-0.189035917,有色金属冶炼及压延加工,5.1516,12.8837,70.3282,114.8923,21.3396,-0.33746326,24.65605164,5.3112,1.404239416,2.327199936,55.89743805
000636.SZ,2018/8/31 0:00,风华高科,0.357,-2.260981912,计算机、通信和其他电子设备制造业,13.5622,19.5221,24.4298,348.5553,31.1027,0.11390925,24.67808342,13.9959,2.815362215,-0.800199986,48.54037857
600754.SH,2018/8/31 0:00,锦江股份,0.12,10.25752946,住宿业,6.2575,23.8637,65.9864,28.2688,13.3521,-0.21080365,24.87625694,7.5314,1.975746632,1.210199952,32.26395035
601168.SH,2018/8/31 0:00,西部矿业,0.355,0.998336106,有色金属矿采选业,4.2987,6.0967,63.8141,81.7275,-3.7618,-0.157722,25.1199398,6.9555,1.264243603,1.516499996,30.45256996
002390.SZ,2018/8/31 0:00,信邦制药,0.143,-4.794520548,医药制造业,5.4446,-2.704,46.8398,46.618,20.0303,-0.30453813,25.15603828,11.2845,1.43870604,0.660899997,27.67574692
603868.SH,2018/8/31 0:00,飞科电器,0.073,2.876797999,电气机械及器材制造业,52.1409,20.6577,26.0146,14.5163,8.438,-0.16836667,25.15630913,18.3111,9.975481987,0.916400015,31.10659409
600026.SH,2018/8/31 0:00,中远海能,0.171,6.295399516,水上运输业,3.023,20.2755,53.7753,-16.527,3.6373,-0.16682234,25.32242393,4.6768,0.64135766,1.343999982,20.05056572
002022.SZ,2018/8/31 0:00,科华生物,0.141,-0.354295837,医药制造业,13.2333,6.7888,19.3482,11.5442,24.6916,-0.17692954,25.36063766,15.9359,2.731684685,0.864199996,23.21537018
002249.SZ,2018/8/31 0:00,大洋电机,0.154,-0.724637681,电气机械及器材制造业,4.5821,5.7144,43.8887,-15.5875,14.1059,-0.30713968,25.40270424,9.8283,1.102039695,0.810199976,28.13508606
002332.SZ,2018/8/31 0:00,仙琚制药,0.143,-2.808988764,医药制造业,9.0228,5.7641,55.2389,62.8185,29.7432,-0.18904591,25.4867115,11.7426,2.618601799,0.571500003,26.68154907
600317.SH,2018/8/31 0:00,营口港,0.136,5.063291139,水上运输业,7.0535,36.8422,26.5391,21.9505,8.8923,-0.14950573,25.4975071,9.2393,1.465923667,1.186400056,18.79483032
603568.SH,2018/8/31 0:00,伟明环保,0.109,-8.510638298,生态保护和环境治理业,23.8563,49.3635,42.3257,55.5506,60.7503,0.03541692,25.59662056,18.9529,6.401741982,-0.003,21.30734253
000990.SZ,2018/8/31 0:00,诚志股份,0.108,6.930693069,化学原料及化学制品制造业,5.0319,27.7371,22.8678,30.2838,38.9746,-0.01844294,25.62352562,13.0236,1.180680156,0.683200002,20.16557503
000997.SZ,2018/8/31 0:00,新大陆,0.301,2.353780314,软件和信息技术服务业,10.6186,3.5268,55.8895,-13.6927,9.4633,-0.1994206,25.74496651,20.0341,2.885069847,0.680100024,28.77352142
000062.SZ,2018/8/31 0:00,深圳华强,0.126,8.193277311,批发业,11.7269,1.6041,53.1878,24.3376,58.0659,-0.04900491,25.78240776,13.9784,3.439222813,0.861699998,40.12434387
002707.SZ,2018/8/31 0:00,众信旅游,0.139,-1.985981308,商务服务业,11.8641,-0.9551,57.6129,13.8669,19.4627,-0.23191009,25.84374619,14.1679,3.052021027,1.169199944,31.03107643
600298.SH,2018/8/31 0:00,安琪酵母,0.408,10.38765525,食品制造业,16.1111,15.4381,50.3023,29.6385,14.8283,-0.08732365,26.01577187,15.8615,6.073728561,0.759000003,29.30352783
002127.SZ,2018/8/31 0:00,南极电商,0.289,-3.698811096,商务服务业,22.434,27.7315,20.6776,92.1264,220.6577,-0.20234509,26.07897758,22.9549,5.572514057,0.660099983,36.14651489
002359.SZ,2018/8/31 0:00,北讯集团,0.307,-9.151414309,电信、广播电视和卫星传输服务,6.3821,18.5597,61.5283,1090.4782,170.9011,-0.51175642,26.201334,9.6175,1.869821191,-0.884299994,45.04129028
600885.SH,2018/8/31 0:00,宏发股份,0.276,16.11111111,电气机械及器材制造业,19.6537,9.5615,33.8081,0.1387,12.4152,-0.18650321,26.39584923,11.3298,4.176836967,0.086999997,33.02536011
600993.SH,2018/8/31 0:00,马应龙,0.138,2.406417112,批发业,11.7488,9.0731,18.8373,-6.9994,5.3799,-0.17533188,26.59131241,20.1212,3.005443096,1.185299993,23.3366127
601127.SH,2018/8/31 0:00,小康股份,0.094,-0.594177065,汽车制造业,8.4805,6.5411,75.9442,12.7837,11.9855,-0.11751502,26.63484001,7.0024,3.185423136,1.10010004,26.81734276
300133.SZ,2018/8/31 0:00,华策影视,0.198,1.557632399,广播、电视、电影和影视录音制作业,8.7236,19.6789,43.4417,35.3663,22.2372,-0.08723223,26.74198341,20.6026,2.443740129,0.526300013,25.86610031
600125.SH,2018/8/31 0:00,铁龙物流,0.235,5.818181818,铁路运输业,9.0285,4.679,39.6032,41.498,66.4583,-0.06981685,26.83640289,13.3495,2.095968246,1.747499943,42.91537094
600258.SH,2018/8/31 0:00,首旅酒店,0.274,12.83632287,住宿业,10.92,23.868,52.1717,46.4433,3.0257,-0.15608547,26.98839188,9.0707,2.584608555,1.312899947,35.86730957
002815.SZ,2018/8/31 0:00,崇达技术,0.137,-2.415181139,计算机、通信和其他电子设备制造业,16.7301,21.1389,46.6677,31.8933,27.7846,0.05458538,27.00865936,16.5248,5.442708015,,
300266.SZ,2018/8/31 0:00,兴源环境,0.095,0.251889169,生态保护和环境治理业,5.9919,-16.9684,62.1784,-27.1189,7.2591,-0.68643663,27.18885803,14.4272,1.610366106,0.419800013,57.65061951
002434.SZ,2018/8/31 0:00,万里扬,0.164,3.699897225,汽车制造业,7.9213,7.3562,35.1992,-16.0869,-8.0645,0.06013855,27.20814323,13.9641,2.22008729,-0.073200002,25.18782997
600635.SH,2018/8/31 0:00,大众公用,0.208,2.222222222,燃气生产和供应业,5.7824,2.6102,58.3636,-20.6259,10.5326,-0.14626177,27.33573914,9.2055,1.537617326,0.896499991,25.26542473
000158.SZ,2018/8/31 0:00,常山北明,0.108,-1.95035461,纺织业,5.2846,4.9707,52.5711,-20.078,-0.146,-0.28446868,27.37822342,12.6386,1.534799099,1.012599945,37.92533112
600578.SH,2018/8/31 0:00,京能电力,0.127,3.870967742,电力、热力生产和供应业,3.0641,18.0553,57.4609,-40.6261,2.5266,-0.06972897,27.89482307,6.1334,0.972834289,1.01820004,17.69428444
603025.SH,2018/8/31 0:00,大豪科技,0.043,0.353857042,计算机、通信和其他电子设备制造业,31.6289,19.8101,10.5451,57.9344,48.0698,-0.0334993,28.06066704,23.3603,7.703632832,1.315000057,31.05844307
002223.SZ,2018/8/31 0:00,鱼跃医疗,0.346,0.977729495,专用设备制造业,14.619,9.5797,20.6119,21.1883,27.3355,-0.10044336,28.07283783,20.5204,3.578335762,0.928799987,31.21709824
300244.SZ,2018/8/31 0:00,迪安诊断,0.152,4.032697548,卫生,13.3877,0.5475,61.3897,25.6581,24.9243,-0.15596218,28.23282814,10.2911,4.226536751,0.754199982,33.22211838
000596.SZ,2018/8/31 0:00,古井贡酒,0.275,11.49547632,酒、饮料和精制茶制造业,29.1697,14.5335,35.7051,55.0683,21.6651,0.16409667,28.28013229,18.5478,6.203576565,1.438199997,42.10061264
300199.SZ,2018/8/31 0:00,翰宇药业,0.158,2.844444444,医药制造业,8.1331,22.7037,30.1626,11.0576,42.7716,-0.22546382,28.32064056,21.0869,2.815042019,0.798699975,32.41290665
603077.SH,2018/8/31 0:00,和邦生物,0.285,-1.714285714,化学原料及化学制品制造业,5.6374,17.8642,13.1296,11.3098,39.2007,-0.1256979,28.37201691,12.4012,1.370568633,0.154699996,14.83778667
000987.SZ,2018/8/31 0:00,越秀金控,0.058,5.255474453,资本市场服务,,-53.795,77.9631,-22.3685,137.2402,-0.23028487,28.45732498,,1.245652318,0.973100007,24.7132473
002358.SZ,2018/8/31 0:00,森源电气,0.202,2.890571232,电气机械及器材制造业,7.7959,-18.2536,42.9026,22.8375,20.8265,-0.05032011,28.46311951,20.1017,2.779846668,0.829100013,30.88315964
002155.SZ,2018/8/31 0:00,湖南黄金,0.164,0.609756098,有色金属矿采选业,6.1983,3.4116,28.8001,14.9318,52.474,-0.21750883,28.57695007,12.7591,1.686769724,1.232499957,24.96300888
000766.SZ,2018/8/31 0:00,通化金马,0.091,-8.522727273,医药制造业,6.6526,11.4549,22.9655,11.0208,67.7469,-0.24913495,28.57769012,18.4404,1.721357465,0.928900003,27.52644348
603515.SH,2018/8/31 0:00,欧普照明,0.13,8.733944954,电气机械及器材制造业,22.2707,10.4991,42.7635,33.4342,19.5461,-0.1417072,28.7103138,21.3215,6.326929569,1.814900041,38.5270462
002212.SZ,2018/8/31 0:00,南洋股份,0.149,0.268096515,电气机械及器材制造业,6.1654,4.22,17.0076,3009.2535,73.6795,-0.28509636,28.78593445,19.7867,1.616745472,1.350000024,35.80807114
603056.SH,2018/8/31 0:00,德邦股份,0.074,6.147934678,邮政业,17.7845,10.9511,55.1322,93.5082,25.1538,-0.0703002,28.85702896,12.0424,5.843038082,,
600777.SH,2018/8/31 0:00,新潮能源,0.138,9.459459459,综合,4.2785,72.3555,39.502,596.4731,1315.5989,-0.20985589,29.14596176,9.2168,1.182052135,0.925800025,25.04580116
000829.SZ,2018/8/31 0:00,天音控股,0.134,-12.5,批发业,4.767,-1.2586,78.4434,-35.7714,20.8917,-0.25248026,29.28339958,10.6666,2.532202482,0.707099974,23.49977303
002340.SZ,2018/8/31 0:00,格林美,0.45,-0.747663551,废弃资源综合利用业,7.6441,4.0989,64.737,102.4605,52.6819,-0.21493036,29.43964958,10.394,2.28877449,1.228600025,42.89250565
600875.SH,2018/8/31 0:00,东方电气,0.239,5.135135135,通用设备制造业,0.5778,7.2216,67.2816,179.4476,9.1339,-0.1570666,29.67634964,18.5219,0.880146801,1.244099975,21.30387878
603228.SH,2018/8/31 0:00,景旺电子,0.141,-2.263599854,计算机、通信和其他电子设备制造业,22.7165,16.0402,33.6578,20.7266,19.7463,0.03888272,29.72085762,21.2318,6.306893349,,
603355.SH,2018/8/31 0:00,莱克电气,0.065,-0.738150738,电气机械及器材制造业,8.8911,8.4536,28.8655,-31.7201,17.1885,-0.2917893,29.72711182,23.4304,3.043143749,-0.0125,36.80573273
603888.SH,2018/8/31 0:00,新华网,0.099,3.515379787,互联网和相关服务,9.7274,9.6206,24.3579,0.2986,10.0409,-0.23551335,29.76682854,26.7309,3.144251823,,
600895.SH,2018/8/31 0:00,张江高科,0.235,2.034587996,综合,5.128,13.6236,54.1123,-30.0658,-14.6288,-0.24283314,30.0926857,18.3266,1.784532785,1.06219995,20.55667114
002299.SZ,2018/8/31 0:00,圣农发展,0.257,-12.26203807,畜牧业,8.5933,19.3063,47.0058,48.1949,24.6878,0.02642101,30.72101784,10.7467,2.950330734,0.477699995,33.929142
002384.SZ,2018/8/31 0:00,东山精密,0.317,-17.36604261,计算机、通信和其他电子设备制造业,5.8094,8.165,68.0257,458.1342,36.2335,-0.27687412,30.83461761,11.748,2.57974267,0.0053,26.71515083
300115.SZ,2018/8/31 0:00,长盈精密,0.169,3.14033366,计算机、通信和其他电子设备制造业,5.5224,7.7212,53.1955,-60.7567,17.4328,-0.43719879,30.90753555,8.3941,2.149782419,0.461400002,32.83621979
300166.SZ,2018/8/31 0:00,东方国信,0.274,3.843008994,软件和信息技术服务业,10.1771,5.238,8.0373,19.7266,11.7536,-0.10146511,30.96686935,24.1761,2.924986362,-0.0176,36.96923828
300146.SZ,2018/8/31 0:00,汤臣倍健,0.525,1.450053706,食品制造业,18.3258,28.5593,12.382,12.0422,48.0656,0.21099211,31.22903442,25.6786,5.178520203,0.689100027,22.47370529
300315.SZ,2018/8/31 0:00,掌趣科技,0.331,1.904761905,互联网和相关服务,3.9918,44.8573,13.4861,9.5803,20.7526,-0.23940062,31.2945118,23.2064,1.332646251,1.148200035,29.99219131
002600.SZ,2018/8/31 0:00,领益智造,0.116,1.916932907,计算机、通信和其他电子设备制造业,6.7174,8.3042,53.2797,104.6528,19.0845,-0.52719298,31.37366676,13.9563,2.137510777,1.197399974,58.90600967
002544.SZ,2018/8/31 0:00,杰赛科技,0.127,-0.809716599,软件和信息技术服务业,8.7657,-2.8101,64.8385,113.4728,134.1619,-0.21371848,31.85028076,15.9768,3.354240417,0.209299996,34.97114563
300055.SZ,2018/8/31 0:00,万邦达,0.181,-3.564154786,土木工程建筑业,3.4365,26.7706,22.4673,-21.8512,-15.6134,-0.40441649,31.94692993,26.6305,1.392681718,0.697399974,28.87259483
002308.SZ,2018/8/31 0:00,威创股份,0.119,-2.878787879,计算机、通信和其他电子设备制造业,5.2479,19.2485,17.5197,-11.6171,10.3552,-0.37290895,32.02437592,23.3756,1.651929259,1.502400041,38.37843704
603377.SH,2018/8/31 0:00,东方时尚,0.074,-4.098360656,教育,13.6384,36.3998,41.2136,-9.7189,-3.1222,-0.42968045,32.04248428,16.1137,4.45633316,0.848800004,34.77854156
002663.SZ,2018/8/31 0:00,普邦股份,0.089,1.060070671,土木工程建筑业,3.977,8.4903,42.338,11.1319,13.4975,-0.33569586,32.56800842,16.0788,0.993620038,0.832899988,20.32492256
000975.SZ,2018/8/31 0:00,银泰资源,0.253,3.539823009,有色金属矿采选业,9.0391,34.1916,13.145,89.306,262.9788,-0.17227582,32.89213943,14.5737,1.991532326,1.113199949,25.44763756
600640.SH,2018/8/31 0:00,号百控股,0.092,-6.079295154,互联网和相关服务,5.9524,11.2649,21.1108,84.6721,25.8249,-0.1929351,33.01049805,17.632,1.950577259,0.587599993,23.06156349
600917.SH,2018/8/31 0:00,重庆燃气,0.04,3.877005348,燃气生产和供应业,10.6512,10.4792,51.1249,7.1415,6.798,-0.05547179,33.01183701,18.4121,3.198153019,0.610800028,35.89190292
002038.SZ,2018/8/31 0:00,双鹭药业,0.433,-7.061236449,医药制造业,17.3337,21.8072,6.1182,51.9079,75.0392,-0.0921173,33.37237167,27.6123,5.080889702,0.597299993,40.60689163
601179.SH,2018/8/31 0:00,中国西电,0.212,7.96460177,电气机械及器材制造业,3.0944,-18.2645,38.0961,-58.5047,-6.1372,-0.11064731,33.57472992,12.6057,0.970497429,1.30369997,21.83873558
600600.SH,2018/8/31 0:00,青岛啤酒,0.362,6.540084388,酒、饮料和精制茶制造业,7.6582,10.2502,45.9148,23.6819,-0.2079,-0.09814218,33.70843506,16.2372,2.671119928,1.254799962,39.9327774
600839.SH,2018/8/31 0:00,四川长虹,0.306,0.37037037,计算机、通信和其他电子设备制造业,2.6724,2.705,68.2874,-29.9569,17.5063,-0.15050038,33.74664307,6.7771,0.9624421,0.991699994,19.38788414
600161.SH,2018/8/31 0:00,天坛生物,0.245,2.936288089,医药制造业,21.8299,22.6025,13.2739,-48.4436,-5.4664,-0.10536467,34.07505798,19.8241,5.135295868,0.408399999,27.02103233
600428.SH,2018/8/31 0:00,中远海特,0.09,4.069767442,水上运输业,3.1737,16.5903,55.4011,88.8035,3.7942,-0.26795131,34.20778275,5.2973,0.805270851,1.986299992,31.13049507
600645.SH,2018/8/31 0:00,中源协和,0.194,-1.040582726,研究和试验发展,15.1909,9.2183,41.6996,511.4418,0.3788,-0.13053739,34.40112686,22.0183,2.8529706,0.244599998,37.67106628
300324.SZ,2018/8/31 0:00,旋极信息,0.303,0,软件和信息技术服务业,11.6067,2.367,29.9395,-4.7555,39.5575,,34.45049286,22.3591,3.218672514,-0.188700005,26.68120384
002373.SZ,2018/8/31 0:00,千方科技,0.273,-3.697617091,软件和信息技术服务业,8.0408,-2.402,32.3801,44.3689,88.5748,-0.15322754,34.73466873,22.6696,2.291300774,0.230599999,27.38476181
002407.SZ,2018/8/31 0:00,多氟多,0.209,1.557093426,化学原料及化学制品制造业,7.3965,-4.6388,56.352,-19.9653,25.2503,-0.33742695,34.87849045,11.7008,2.309886932,1.122599959,36.68933868
002129.SZ,2018/8/31 0:00,中环股份,0.378,3.918918919,电气机械及器材制造业,5.0888,9.5892,55.6417,54.3891,61.4189,-0.17328948,35.08035278,8.6514,1.743427277,0.047800001,32.70181274
600879.SH,2018/8/31 0:00,航天电子,0.437,2.049780381,专用设备制造业,4.7336,-2.0291,50.137,-8.6682,-9.1147,-0.08519139,35.11195755,15.5052,1.628596544,0.759199977,25.36692238
601777.SH,2018/8/31 0:00,力帆股份,0.092,1.518438178,汽车制造业,3.1562,-1.3064,75.0222,344.8045,0.0972,-0.26543528,35.11401749,4.9536,0.819535196,0.641300023,17.9017849
600503.SH,2018/8/31 0:00,华丽家族,0.175,-1.028277635,房地产业,5.7923,-0.8343,43.1689,71.5478,30.588,-0.29660837,35.5580368,18.6974,1.692116618,1.036499977,29.72614861
002439.SZ,2018/8/31 0:00,启明星辰,0.296,1.122994652,互联网和相关服务,16.1882,14.0388,21.8683,83.6291,13.9,-0.15309473,35.67166138,27.3156,5.49846077,0.690199971,27.83128548
000066.SZ,2018/8/31 0:00,中国长城,0.346,2.304147465,计算机、通信和其他电子设备制造业,8.4108,1.7195,50.6586,13.5508,-78.2725,-0.10075231,35.78718185,19.3795,3.232649326,0.900200009,41.49647141
600673.SH,2018/8/31 0:00,东阳光科,0.356,8.516129032,金属制品业,10.6722,8.5698,63.3077,203.7975,38.6717,-0.03507378,36.20602798,15.8866,3.167882442,0.072899997,30.98188591
000878.SZ,2018/8/31 0:00,云南铜业,0.237,4.21286031,有色金属冶炼及压延加工,5.3709,-3.2316,73.3063,56.1466,-33.5173,-0.19298296,36.86277008,6.0699,2.122198105,1.882099986,40.68760681
002690.SZ,2018/8/31 0:00,美亚光电,0.174,-1.015697138,专用设备制造业,21.3351,36.8681,14.0814,18.1494,16.2505,0.08838587,36.91348267,31.5355,7.142386913,-0.584399998,22.7376709
600291.SH,2018/8/31 0:00,西水股份,0.246,-0.245499182,保险业,,-444.079,79.7091,-86.6814,-15.2931,-0.37012816,37.10473633,,1.04907155,1.588500023,63.76337051
000970.SZ,2018/8/31 0:00,中科三环,0.221,3.658536585,计算机、通信和其他电子设备制造业,8.5278,3.3388,15.9427,-22.2424,12.1097,-0.29963078,37.50600052,18.5027,2.096969843,1.111700058,34.38571167
002131.SZ,2018/8/31 0:00,利欧股份,0.203,-4.639175258,互联网和相关服务,3.8631,-5.946,50.1423,-55.3936,42.6618,-0.27951079,37.72158432,15.9457,1.245640278,0.466500014,19.31201935
000547.SZ,2018/8/31 0:00,航天发展,0.251,2.600472813,计算机、通信和其他电子设备制造业,6.706,1.7113,23.4679,18.8372,12.1922,-0.06750675,37.82381821,24.1174,2.237783909,0.592700005,28.8213253
000860.SZ,2018/8/31 0:00,顺鑫农业,0.514,4.187020237,酒、饮料和精制茶制造业,7.7718,26.7643,59.0641,54.2045,8.1953,0.62925105,37.85655212,19.2812,3.423441648,0.300500005,38.24922562
600292.SH,2018/8/31 0:00,远达环保,0.068,0.53285968,生态保护和环境治理业,3.6145,-2.3418,41.642,-15.3037,9.2723,-0.25674797,37.8781395,7.1101,0.907466352,0.598800004,17.01635933
600655.SH,2018/8/31 0:00,豫园股份,0.25,3.50631136,零售业,5.877,1.2185,56.9011,6.988,11.0622,-0.22966659,38.42906189,19.8775,0.817800939,0.967400014,21.05584908
000563.SZ,2018/8/31 0:00,陕国投A,0.173,1.438848921,其他金融业,,93.5655,18.8437,-42.2126,17.3486,-0.27151982,38.70550919,,1.089773297,0.801599979,28.52410507
600967.SH,2018/8/31 0:00,内蒙一机,0.335,0.351864884,铁路、船舶、航空航天和其他运输设备制造业,5.6119,25.7808,54.6926,-14.9969,-11.1175,0.11944588,39.0022583,40.4184,2.934826374,-0.0057,28.73472214
600418.SH,2018/8/31 0:00,江淮汽车,0.197,6.58436214,汽车制造业,0.0135,-11.3605,68.5942,-102.8055,-7.5306,-0.33527574,39.12530899,4.9218,0.710804522,0.378699988,29.94473267
600575.SH,2018/8/31 0:00,皖江物流,0.191,5.900621118,水上运输业,5.9453,14.5553,39.2096,-15.1625,16.6067,-0.09673269,39.20886612,7.4454,1.546827435,0.949100018,30.35488319
002463.SZ,2018/8/31 0:00,沪电股份,0.225,7.740916272,计算机、通信和其他电子设备制造业,9.4009,8.8577,41.6226,46.2545,21.1075,0.40465354,39.46350861,16.886,3.251216412,-0.376599997,38.83223343
603899.SH,2018/8/31 0:00,晨光文具,0.252,4.096709201,文教、工美、体育和娱乐用品制造业,28.4255,9.4682,33.671,39.3036,39.6711,0.14226312,39.63155365,28.0335,9.574892998,0.178800002,22.60291672
002699.SZ,2018/8/31 0:00,美盛文化,0.173,-39.59156785,文化艺术业,6.1381,14.1153,21.6293,-13.6449,15.6695,-0.46072945,39.73255157,27.5036,2.318651438,0.699199975,32.18496704
000519.SZ,2018/8/31 0:00,中兵红箭,0.162,0.383141762,专用设备制造业,3.9999,19.5225,21.9573,158.2896,9.9485,-0.11177609,39.74995422,13.816,1.43399322,-0.365399987,35.56419754
002028.SZ,2018/8/31 0:00,思源电气,0.236,-26.7251462,电气机械及器材制造业,5.5221,6.1473,33.5846,-34.7513,-4.5258,-0.23399543,39.87109756,27.664,2.159442186,-0.0197,27.63764191
600315.SH,2018/8/31 0:00,上海家化,0.301,-0.136986301,化学原料及化学制品制造业,9.5666,11.5778,45.4874,718.5703,52.8637,-0.20096149,39.94261932,23.1031,3.487268448,0.789600015,30.08814812
600481.SH,2018/8/31 0:00,双良节能,0.082,3.058103976,电气机械及器材制造业,7.2266,23.4065,46.1484,30.2971,2.7347,-0.12097171,40.31468964,22.7736,2.699214935,0.839299977,30.9368515
002093.SZ,2018/8/31 0:00,国脉科技,0.114,3.278688525,软件和信息技术服务业,6.1757,5.1713,34.5104,57.849,10.2686,-0.14095369,40.62727737,26.5505,2.420993567,0.283399999,26.96352768
603659.SH,2018/8/31 0:00,璞泰来,0.092,9.423378954,电气机械及器材制造业,17.3433,-1.1999,45.1045,15.5332,34.7926,-0.08842035,41.20618057,30.7884,8.214565277,,
300383.SZ,2018/8/31 0:00,光环新网,0.443,0.069589422,软件和信息技术服务业,8.8244,6.0791,35.2383,35.4504,53.9365,,41.47764587,21.1902,2.954380512,0.323100001,41.51691055
002179.SZ,2018/8/31 0:00,中航光电,0.497,5.901872482,计算机、通信和其他电子设备制造业,12.5391,3.0302,47.8973,5.8687,17.4937,0.13788868,41.6212616,29.4494,6.698338985,0.079899997,24.16280174
600392.SH,2018/8/31 0:00,盛和资源,0.317,-3.285420945,有色金属冶炼及压延加工,8.0079,5.078,39.8485,193.373,98.5446,-0.24008466,41.70740509,23.6275,3.228383303,0.699500024,51.86452866
002368.SZ,2018/8/31 0:00,太极股份,0.253,-5.751797437,软件和信息技术服务业,8.85,6.8128,66.4262,-3.7503,5.405,0.08495911,42.81312943,27.5224,4.906003475,-0.435400009,32.10806656
000661.SZ,2018/8/31 0:00,长春高新,0.954,-0.37414966,医药制造业,31.3873,15.4098,29.8194,62.5885,62.9891,0.22207879,43.05091858,24.0134,8.241570473,-0.168400005,24.99383926
300058.SZ,2018/8/31 0:00,蓝色光标,0.205,-8.061420345,商务服务业,5.4078,0.4202,62.199,-60.4229,40.5714,-0.25970398,44.13381958,14.1614,1.726159573,1.024399996,32.87467194
000930.SZ,2018/8/31 0:00,中粮生化,0.274,-1.425438596,化学原料及化学制品制造业,6.8525,9.0238,64.9326,-34.9436,15.4258,,44.15581131,16.7487,4.350640774,0.519800007,29.23493958
603883.SH,2018/8/31 0:00,老百姓,0.166,0.873786408,零售业,11.8066,6.6274,57.765,18.1849,25.1442,-0.03806395,44.32605743,22.5593,6.27085638,-0.230100006,28.06580544
300308.SZ,2018/8/31 0:00,中际旭创,0.133,1.792691335,计算机、通信和其他电子设备制造业,9.9833,4.9442,46.4574,5352.6334,3412.9555,-0.23922359,44.38928604,26.7964,4.784977913,1.572100043,80.64012909
300273.SZ,2018/8/31 0:00,和佳股份,0.098,1.559792028,专用设备制造业,5.8894,-84.0054,56.9189,129.7791,40.8838,-0.30108192,44.43603516,16.4737,1.88585484,0.514400005,29.75074387
002013.SZ,2018/8/31 0:00,中航机电,0.346,-0.586166471,铁路、船舶、航空航天和其他运输设备制造业,8.1501,16.404,58.6581,17.7488,16.5776,0.12873003,44.47493744,17.9548,3.629108906,0.047499999,24.37272644
300001.SZ,2018/8/31 0:00,特锐德,0.185,9.35192781,电气机械及器材制造业,6.839,18.8897,73.4625,47.347,-19.9221,-0.01330337,44.49309921,16.4979,4.361318111,0.974300027,29.78642464
600872.SH,2018/8/31 0:00,中炬高新,0.489,14.0472879,食品制造业,18.3363,18.7392,34.8937,33.3414,14.6085,0.27320629,44.92082214,27.4868,7.831688404,1.345000029,32.64881134
002916.SZ,2018/8/31 0:00,深南电路,0.186,6.094182825,计算机、通信和其他电子设备制造业,11.0282,11.1511,57.0774,15.8026,19.4925,0.08166823,45.00501251,22.518,6.488881111,,
600936.SH,2018/8/31 0:00,广西广电,0.162,-1.569506726,电信、广播电视和卫星传输服务,2.8867,6.786,54.6761,-31.4608,0.0091,-0.25483824,45.79675674,8.332,2.008417368,1.170799971,26.75048637
000988.SZ,2018/8/31 0:00,华工科技,0.252,8.00571837,计算机、通信和其他电子设备制造业,6.1827,1.389,36.9283,9.5507,40.2718,-0.04698951,46.22838974,24.6752,2.826993704,0.566600025,19.01099014
600521.SH,2018/8/31 0:00,华海药业,0.442,7.8775715,医药制造业,9.4093,10.34,46.7146,19.2075,16.3673,-0.0750553,46.92018127,24.2272,5.470858097,-0.433999985,37.06450272
000690.SZ,2018/8/31 0:00,宝新能源,0.372,0.278940028,电力、热力生产和供应业,3.5046,34.9609,56.2721,-40.9337,-3.0409,-0.06668241,48.3342514,13.6927,1.767992616,1.236099958,35.01860428
603658.SH,2018/8/31 0:00,安图生物,0.171,-6.995305164,医药制造业,34.1889,32.2058,27.0749,29.4338,47.5563,-4.83E-05,49.74487305,34.0629,15.47782135,-2.21510005,183.2402344
002251.SZ,2018/8/31 0:00,步步高,0.096,0.453001133,零售业,3.4072,6.2899,59.4003,-9.3702,11.6322,-0.34256814,49.81520462,7.7323,1.205686927,1.400599957,31.95945549
002254.SZ,2018/8/31 0:00,泰和新材,0.155,-3.823279524,化学纤维制造业,6.5395,12.3337,36.9579,47.192,1.8974,-0.05497528,49.8624382,21.1511,3.293081999,0.483099997,15.39204311
002841.SZ,2018/8/31 0:00,视源股份,0.12,-4.485530547,计算机、通信和其他电子设备制造业,29.7798,10.7142,54.5646,6.7157,55.7485,0.16443504,50.80264282,44.1771,13.6972723,,
600765.SH,2018/8/31 0:00,中航重机,0.128,7.614213198,通用设备制造业,3.3069,16.0548,67.5765,-91.2572,3.1492,-0.19064991,52.97008514,11.2172,1.68630445,1.116799951,27.15024376
600108.SH,2018/8/31 0:00,亚盛集团,0.141,-0.328947368,农业,3.0506,-4.7556,43.0008,45.015,14.026,-0.18100139,54.31181335,13.7381,1.247380614,1.189299941,21.28343964
600458.SH,2018/8/31 0:00,时代新材,0.102,-2.592592593,橡胶和塑料制品业,1.6852,-0.4633,63.8789,51.9292,6.886,-0.12679271,54.59027481,10.5696,1.248024464,0.894900024,30.0850296
002073.SZ,2018/8/31 0:00,软控股份,0.127,-0.542495479,专用设备制造业,2.1437,7.6029,45.2581,110.4299,19.6956,-0.24992329,54.99836349,17.9285,1.104983449,0.504499972,25.45318031
000758.SZ,2018/8/31 0:00,中色股份,0.174,0.496277916,有色金属矿采选业,5.9577,40.3346,68.4339,-27.3655,-39.4105,-0.28853643,56.18612671,5.7926,1.487329006,1.739099979,29.81379128
601880.SH,2018/8/31 0:00,大连港,0.182,1.020408163,水上运输业,3.9883,22.3173,40.915,-13.9209,-21.4738,-0.19068761,58.23438644,11.9359,1.446782827,1.293099999,21.88723373
600517.SH,2018/8/31 0:00,置信电气,0.073,7.303370787,电气机械及器材制造业,3.3268,-9.6022,60.6123,-77.2965,-26.1116,-0.26528995,58.29322815,17.9641,1.55776763,0.944500029,29.44382477
002281.SZ,2018/8/31 0:00,光迅科技,0.305,6.421299922,计算机、通信和其他电子设备制造业,7.4416,4.6493,45.406,-5.9241,2.8973,0.05124597,58.33318329,39.3319,5.59711504,-0.617200017,42.89285278
002276.SZ,2018/8/31 0:00,万马股份,0.1,2.602230483,电气机械及器材制造业,2.7333,2.9108,48.608,-41.4027,22.5494,-0.28712045,59.11378098,20.2502,1.438619852,1.15079999,25.43759155
002280.SZ,2018/8/31 0:00,联络互动,0.201,-0.196078431,软件和信息技术服务业,4.2309,-0.9364,43.8691,-17.6405,268.0536,-0.26709863,59.1578064,18.3534,1.741629004,0.0561,27.0556736
000009.SZ,2018/8/31 0:00,中国宝安,0.302,2.401746725,综合,5.4172,9.912,64.8657,-24.5665,28.4562,-0.25144377,59.99129868,7.0519,1.983880639,0.662800014,26.20939255
002465.SZ,2018/8/31 0:00,海格通信,0.396,2.53164557,计算机、通信和其他电子设备制造业,4.664,14.883,23.6743,-31.1107,-16.1497,-0.07635937,60.05073929,34.8406,2.511109352,0.603900015,23.30405045
000681.SZ,2018/8/31 0:00,视觉中国,0.297,1.382488479,文化艺术业,12.0781,31.5828,36.0511,34.9245,9.0486,0.18946329,60.32714081,46.5651,7.474157333,-0.204899997,32.67998886
300010.SZ,2018/8/31 0:00,立思辰,0.169,-2.414231258,软件和信息技术服务业,2.7427,-4.7796,34.4535,-61.6227,-1.5779,-0.3135942,60.35765457,27.5065,1.235420227,0.851800025,35.77758789
600869.SH,2018/8/31 0:00,智慧能源,0.123,1.327433628,电气机械及器材制造业,4.2964,-0.877,68.8115,-0.1432,21.3756,-0.17071456,61.42515182,11.7264,1.873656631,0.779200017,17.47327423
600300.SH,2018/8/31 0:00,维维股份,0.11,3.548387097,酒、饮料和精制茶制造业,5.5213,3.0294,60.798,6.7776,9.9551,-0.20201465,62.15784454,9.0483,1.97777307,1.861799955,32.74996185
000566.SZ,2018/8/31 0:00,海南海药,0.181,-9.508716323,医药制造业,3.7703,23.9616,51.4896,-24.159,46.5754,-0.40721027,62.25995636,17.6875,1.634304881,0.387699991,31.00855827
600312.SH,2018/8/31 0:00,平高电气,0.122,38.70967742,电气机械及器材制造业,2.6191,3.0316,54.1667,-87.1497,-27.9866,-0.14384997,62.41261292,12.9514,1.095431328,0.952700019,23.25070381
002583.SZ,2018/8/31 0:00,海能达,0.229,-0.976800977,计算机、通信和其他电子设备制造业,3.1843,-5.7058,59.9798,-39.7358,63.7996,-0.37474683,62.83753586,18.6389,2.618405819,0.215000004,37.47361374
600848.SH,2018/8/31 0:00,上海临港,0.2,0,房地产业,5.5856,-84.4674,49.6372,-30.5456,-25.069,,64.66395569,33.8744,3.716293335,1.117799997,39.6227417
600760.SH,2018/8/31 0:00,中航沈飞,0.459,2.543046358,铁路、船舶、航空航天和其他运输设备制造业,10.8271,2.8188,69.7388,1387.0261,2032.1811,0.13301519,64.87735748,33.621,7.492930889,-1.556699991,77.57301331
600773.SH,2018/8/31 0:00,西藏城投,0.11,3.94922426,房地产业,2.0863,-73.2473,72.2872,40.4029,-50.0497,-0.26343447,65.41781616,26.8485,1.857247949,1.430899978,36.52375412
002410.SZ,2018/8/31 0:00,广联达,0.609,-3.157529493,软件和信息技术服务业,13.623,15.8461,35.8793,3.6192,16.1243,0.17732018,65.45584869,50.9178,10.68793106,-0.463099986,23.99929619
000977.SZ,2018/8/31 0:00,浪潮信息,0.615,-6.033820138,计算机、通信和其他电子设备制造业,4.6681,-15.4579,68.4854,178.5006,123.196,0.12139472,65.7216568,28.819,4.238278389,-1.086300015,34.21112061
600171.SH,2018/8/31 0:00,上海贝岭,0.182,-2.455795678,计算机、通信和其他电子设备制造业,1.2645,9.0316,9.5257,-26.4532,39.1055,-0.24822063,66.35079193,131.901,2.917446375,0.211300001,36.49811935
000738.SZ,2018/8/31 0:00,航发控制,0.187,0.071479628,铁路、船舶、航空航天和其他运输设备制造业,5.083,21.037,22.81,1.948,3.9783,-0.09531908,66.40801239,32.6533,3.048202038,0.246600002,27.40970421
002670.SZ,2018/8/31 0:00,国盛金控,0.246,-11.68958743,资本市场服务,2.0165,-68553.0167,58.2432,-53.6686,-99.5699,-0.29824886,68.12788391,28.3922,1.44939518,1.294700027,43.79143906
002399.SZ,2018/8/31 0:00,海普瑞,0.195,7.731092437,医药制造业,2.4517,-4.37,41.4881,141.6131,70.8788,0.05668949,69.92832947,49.8592,3.165064573,0.399800003,34.92230225
002011.SZ,2018/8/31 0:00,盾安环境,0.107,0,通用设备制造业,2.9137,4.4641,65.3745,-19.5125,28.6401,,72.19242096,8.6109,1.325611115,0.218199998,32.91104507
600460.SH,2018/8/31 0:00,士兰微,0.276,-4.170616114,计算机、通信和其他电子设备制造业,3.0107,8.6733,48.1249,-54.919,10.0804,-0.22972197,73.54145813,28.2636,3.937109232,-0.360599995,55.68335342
000600.SZ,2018/8/31 0:00,建投能源,0.117,-0.196850394,电力、热力生产和供应业,3.7387,13.8239,58.0742,-64.2329,30.6511,-0.28656387,74.14135742,3.9353,0.847471118,0.379799992,48.35920334
002266.SZ,2018/8/31 0:00,浙富控股,0.174,3.038674033,电气机械及器材制造业,4.0566,2.6111,45.6693,-8.2017,-2.9221,-0.087639,74.69717407,22.9239,2.32647562,0.251199991,17.69774818
600770.SH,2018/8/31 0:00,综艺股份,0.134,-2.816901408,综合,5.8591,39.2356,23.1191,-2.7238,-16.8452,-0.20790261,75.36470795,19.5391,2.050333023,0.648500025,28.39246941
600280.SH,2018/8/31 0:00,中央商场,0.149,-19.23774955,零售业,5.0301,8.4235,88.9451,-76.0876,5.6471,-0.46960882,77.15376282,7.2866,2.704338789,0.594500005,27.7495327
300257.SZ,2018/8/31 0:00,开山股份,0.124,-1.974248927,通用设备制造业,2.8418,7.3995,52.3247,41.8981,18.7827,-0.2715386,77.78266907,34.7536,2.904682398,1.438199997,33.15457153
600584.SH,2018/8/31 0:00,长电科技,0.43,-12.78755074,计算机、通信和其他电子设备制造业,4.0974,13.5087,70.144,236.0071,13.0727,-0.32784846,77.90340424,4.8885,1.581131577,0.229399994,32.18081284
603019.SH,2018/8/31 0:00,中科曙光,0.717,-1.41567501,计算机、通信和其他电子设备制造业,9.0851,5.5646,63.5631,77.4036,55.5438,0.0502402,79.76906586,43.2936,9.307815552,-0.647300005,38.91814423
002302.SZ,2018/8/31 0:00,西部建设,0.161,-1.414743112,非金属矿物制品业,5.0705,3.1827,65.3416,6.5295,31.7632,-0.12653299,82.12998962,17.5984,2.653125286,1.027899981,76.52616119
002041.SZ,2018/8/31 0:00,登海种业,0.068,-0.269541779,农业,0.7484,-39.7621,11.3584,-90.1136,-50.8528,-0.27319128,82.24996948,67.8841,2.331179619,0.452199996,28.39385605
300202.SZ,2018/8/31 0:00,聚龙股份,0.076,1.923076923,通用设备制造业,3.9297,40.3207,28.7284,-82.2337,-16.1251,-0.4586696,83.5321579,41.0615,2.83357501,1.728000045,40.48183823
002049.SZ,2018/8/31 0:00,紫光国微,0.561,-2.069494124,计算机、通信和其他电子设备制造业,7.0922,14.0766,34.7705,-9.8591,32.2917,-0.13431296,84.22961426,49.9716,6.32796669,-1.101400018,53.95823288
300253.SZ,2018/8/31 0:00,卫宁健康,0.441,2.805049088,软件和信息技术服务业,8.7429,2.0071,23.6191,41.2091,31.5397,0.43144517,91.58792114,78.5279,8.424139023,0.234799996,36.98898315
603000.SH,2018/8/31 0:00,人民网,0.125,3.133159269,互联网和相关服务,4.6994,16.7985,17.7183,94.24,2.0527,-0.25057359,92.15968323,44.5389,3.223711729,1.238600016,23.8874054
002414.SZ,2018/8/31 0:00,高德红外,0.118,5.288753799,计算机、通信和其他电子设备制造业,3.4124,11.3846,25.3627,45.8742,25.2414,0.07374639,94.11917877,47.1098,3.279656887,0.364899993,33.81344223
002353.SZ,2018/8/31 0:00,杰瑞股份,0.266,12.06720978,专用设备制造业,3.0051,6.1574,23.6284,326.0048,29.0186,0.36950778,94.67420197,36.8788,2.642226934,0.978699982,30.60984039
600410.SH,2018/8/31 0:00,华胜天成,0.26,-1.68612192,软件和信息技术服务业,3.0135,-9.633,52.3327,-37.35,-2.6133,-0.23208832,96.20615387,20.7932,1.72509563,0.366899997,35.02137375
002268.SZ,2018/8/31 0:00,卫士通,0.37,-0.130264872,软件和信息技术服务业,5.2419,-5.0574,22.9671,155.4425,15.0134,-0.05407668,96.28679657,71.3348,4.634324551,0.471899986,41.28585434
600184.SH,2018/8/31 0:00,光电股份,0.075,-2.770986145,专用设备制造业,2.2451,14.6686,40.9342,100.3418,2.9539,-0.26986988,98.19701385,53.2418,2.649822474,1.148399949,28.60481834
000729.SZ,2018/8/31 0:00,燕京啤酒,0.259,8.196721311,酒、饮料和精制茶制造业,2.6007,9.8522,25.0463,-44.2842,-3.3231,-0.05558147,105.4555054,14.9437,1.398654103,1.528900027,30.94204903
600478.SH,2018/8/31 0:00,科力远,0.127,0.746268657,电气机械及器材制造业,3.6314,10.4021,47.1738,126.78,-8.7728,-0.35387737,106.1107483,20.9022,2.918107271,0.442299992,23.67089844
601872.SH,2018/8/31 0:00,招商轮船,0.244,7.76119403,水上运输业,1.4617,29.8705,51.3369,-84.8904,-10.066,-0.10150408,108.0605164,11.4177,1.159043431,1.014899969,17.09845924
600158.SH,2018/8/31 0:00,中体产业,0.174,7.042253521,房地产业,6.1437,18.6124,51.8872,15.8257,8.3669,-0.18729592,109.4317856,58.65,4.700390816,1.08829999,41.41506577
002371.SZ,2018/8/31 0:00,北方华创,0.29,-6.25984252,专用设备制造业,6.8079,-0.0113,60.5531,31.9306,18.5128,0.13094792,113.6970367,40.2528,6.414787292,-1.093199968,46.28386307
000750.SZ,2018/8/31 0:00,国海证券,0.303,1.18694362,资本市场服务,,-194.1227,78.5879,-79.5312,-38.3673,-0.22042019,119.8649445,,1.058436394,1.179499984,19.16375732
000025.SZ,2018/8/31 0:00,特力A,0.044,13.16888046,批发业,6.6285,-9.7718,30.0897,108.6154,17.1089,-0.18076473,128.1316833,97.4639,8.952859879,1.360499978,44.92870331
600169.SH,2018/8/31 0:00,太原重工,0.13,2.145922747,专用设备制造业,3.5172,15.8976,87.2122,103.0514,5.1498,-0.21743476,140.6411133,5.509,1.475601673,1.372900009,22.86965179
600155.SH,2018/8/31 0:00,华创阳安,0.104,5.097451274,资本市场服务,0.3883,-1126.7313,60.9064,87.6267,-65.3679,-0.2598863,141.4787903,58.9337,0.81460458,1.021999955,31.82885933
000712.SZ,2018/8/31 0:00,锦龙股份,0.109,15.72890026,资本市场服务,,-63.2734,83.8994,-73.6361,5871.5097,-0.35040298,164.5150146,,2.319537878,1.977200031,44.41775131
000762.SZ,2018/8/31 0:00,西藏矿业,0.124,0.529661017,黑色金属矿采选业,4.7322,-2.4055,13.6799,536.18,26.2667,-0.29720571,165.1892548,32.5375,2.331933737,1.460700035,35.17621994
002030.SZ,2018/8/31 0:00,达安基因,0.307,3.389830508,医药制造业,4.1592,-7.4211,39.9756,-32.5039,-1.1887,0.13710361,166.021225,66.5816,8.325031281,-0.213499993,25.0021534
600316.SH,2018/8/31 0:00,洪都航空,0.118,2.342917998,铁路、船舶、航空航天和其他运输设备制造业,1.3104,36.1956,49.7128,186.2939,-41.9174,-0.2255636,166.6949463,27.7962,1.423076868,0.863300025,30.96110153
601608.SH,2018/8/31 0:00,中信重工,0.145,5.882352941,专用设备制造业,2.3012,6.1064,63.4384,107.8145,15.2098,-0.2035496,170.0166931,19.4435,1.740442991,1.62440002,29.27616119
002250.SZ,2018/8/31 0:00,联化科技,0.159,3.921568627,化学原料及化学制品制造业,1.992,10.8125,27.3956,-77.7083,22.22,-0.18259327,175.1677704,14.1112,1.310903907,0.241999999,25.69289589
000969.SZ,2018/8/31 0:00,安泰科技,0.103,2.099236641,金属制品业,2.0945,3.6056,43.3503,-67.8419,16.406,-0.31040753,188.1526337,11.1081,1.226415753,1.245700002,33.09810638
600086.SH,2018/8/31 0:00,东方金钰,0.206,0,其他制造业,7.0847,1.1673,73.3753,-75.3139,11.8804,,216.0993652,18.7472,4.185248375,-0.074100003,11.74191856
600435.SH,2018/8/31 0:00,北方导航,0.209,2.873563218,计算机、通信和其他电子设备制造业,6.7974,-4.4772,38.9383,8.6654,-10.8979,-0.16619951,238.4043884,46.2007,6.388053417,1.018700004,27.85795784
002505.SZ,2018/8/31 0:00,大康农业,0.151,-2.197802198,批发业,0.443,-4.597,60.8441,-107.2817,-11.4369,-0.27637551,270.8184204,53.3728,1.842524767,0.344999999,14.03307533
600259.SH,2018/8/31 0:00,广晟有色,0.108,5.274725275,有色金属矿采选业,3.0533,11.2199,51.3332,-78.6223,-28.5473,-0.27817092,319.6291199,43.6184,3.772731543,1.381800056,40.82894135
002428.SZ,2018/8/31 0:00,云南锗业,0.109,0.151515152,有色金属冶炼及压延加工,1.8584,5.0232,19.6458,118.6876,96.6052,-0.35647304,320.2337341,39.7908,2.895817041,1.461500049,34.98431015
600187.SH,2018/8/31 0:00,国中水务,0.118,-1.342281879,水的生产和供应业,1.0569,11.6461,35.3816,1188.6125,11.4937,-0.19202848,352.9793701,32.1276,1.386290073,0.786199987,26.775774
000592.SZ,2018/8/31 0:00,平潭发展,0.126,-1.470588235,林业,1.1056,-2.3317,32.4073,161.6336,29.4059,-0.24690373,386.6586914,55.1743,1.628033161,1.100800037,26.29183769
002665.SZ,2018/8/31 0:00,首航节能,0.179,0,电气机械及器材制造业,0.0749,-41.6569,18.6678,-86.5007,-34.5482,,665.8458862,151.1231,1.993182302,-0.250999987,22.91295433
600536.SH,2018/8/31 0:00,中国软件,0.264,0.276625173,软件和信息技术服务业,0.2732,2.439,52.2698,77.9791,-7.2719,0.45491933,806.2369995,115.1416,7.71928072,-0.937099993,61.71366119
600267.SH,2018/8/31 0:00,海正药业,0.208,7.088607595,医药制造业,4.2089,14.3905,64.5818,211.1958,-1.0608,-0.09904418,821.9259033,8.5216,1.831963301,0.458000004,27.00717545
002506.SZ,2018/8/31 0:00,协鑫集成,0.29,5.689277899,计算机、通信和其他电子设备制造业,4.1059,12.6217,78.234,123.0118,20.8891,0.08738055,961.8399048,33.5665,5.807355404,0.354600012,22.00224113
